-- MySQL dump 10.13  Distrib 8.0.45, for Linux (x86_64)
--
-- Host: localhost    Database: maharajanew
-- ------------------------------------------------------
-- Server version	8.0.45-0ubuntu0.22.04.1

/*!40101 SET @OLD_CHARACTER_SET_CLIENT=@@CHARACTER_SET_CLIENT */;
/*!40101 SET @OLD_CHARACTER_SET_RESULTS=@@CHARACTER_SET_RESULTS */;
/*!40101 SET @OLD_COLLATION_CONNECTION=@@COLLATION_CONNECTION */;
/*!50503 SET NAMES utf8mb4 */;
/*!40103 SET @OLD_TIME_ZONE=@@TIME_ZONE */;
/*!40103 SET TIME_ZONE='+00:00' */;
/*!40014 SET @OLD_UNIQUE_CHECKS=@@UNIQUE_CHECKS, UNIQUE_CHECKS=0 */;
/*!40014 SET @OLD_FOREIGN_KEY_CHECKS=@@FOREIGN_KEY_CHECKS, FOREIGN_KEY_CHECKS=0 */;
/*!40101 SET @OLD_SQL_MODE=@@SQL_MODE, SQL_MODE='NO_AUTO_VALUE_ON_ZERO' */;
/*!40111 SET @OLD_SQL_NOTES=@@SQL_NOTES, SQL_NOTES=0 */;

--
-- Table structure for table `activity_log`
--

DROP TABLE IF EXISTS `activity_log`;
/*!40101 SET @saved_cs_client     = @@character_set_client */;
/*!50503 SET character_set_client = utf8mb4 */;
CREATE TABLE `activity_log` (
  `id` bigint unsigned NOT NULL AUTO_INCREMENT,
  `log_name` varchar(255) COLLATE utf8mb4_unicode_ci DEFAULT NULL,
  `description` text COLLATE utf8mb4_unicode_ci NOT NULL,
  `subject_type` varchar(255) COLLATE utf8mb4_unicode_ci DEFAULT NULL,
  `event` varchar(255) COLLATE utf8mb4_unicode_ci DEFAULT NULL,
  `subject_id` bigint unsigned DEFAULT NULL,
  `causer_type` varchar(255) COLLATE utf8mb4_unicode_ci DEFAULT NULL,
  `causer_id` bigint unsigned DEFAULT NULL,
  `properties` longtext CHARACTER SET utf8mb4 COLLATE utf8mb4_bin,
  `batch_uuid` char(36) COLLATE utf8mb4_unicode_ci DEFAULT NULL,
  `created_at` timestamp NULL DEFAULT NULL,
  `updated_at` timestamp NULL DEFAULT NULL,
  PRIMARY KEY (`id`),
  KEY `subject` (`subject_type`,`subject_id`),
  KEY `causer` (`causer_type`,`causer_id`),
  KEY `activity_log_log_name_index` (`log_name`),
  CONSTRAINT `activity_log_chk_1` CHECK (json_valid(`properties`))
) ENGINE=InnoDB AUTO_INCREMENT=504 DEFAULT CHARSET=utf8mb4 COLLATE=utf8mb4_unicode_ci;
/*!40101 SET character_set_client = @saved_cs_client */;

--
-- Dumping data for table `activity_log`
--

LOCK TABLES `activity_log` WRITE;
/*!40000 ALTER TABLE `activity_log` DISABLE KEYS */;
INSERT INTO `activity_log` VALUES (1,'default','Slider - New slider created.','App\\Models\\User',NULL,1,'App\\Models\\User',1,'{\"image\": \"hor_bea0nix45.jpg\", \"title\": \"Kowshik  Restaurant\"}',NULL,'2023-12-27 03:09:34','2023-12-27 03:09:34'),(2,'default','Slider - Slider details updated.','App\\Models\\User',NULL,1,'App\\Models\\User',1,'{\"image\": \"kit_asbi6f9hm.png\", \"title\": \"Kowshik  Restaurant\"}',NULL,'2023-12-27 03:22:17','2023-12-27 03:22:17'),(3,'default','CMS - New page created.','App\\Models\\User',NULL,1,'App\\Models\\User',1,'{\"slug\": \"about-us\", \"title\": \"About Us\"}',NULL,'2023-12-27 03:24:23','2023-12-27 03:24:23'),(4,'default','CMS - Page details updated.','App\\Models\\User',NULL,1,'App\\Models\\User',1,'{\"slug\": \"about-us\", \"title\": \"About Us\"}',NULL,'2023-12-27 03:24:35','2023-12-27 03:24:35'),(5,'default','CMS - New page created.','App\\Models\\User',NULL,1,'App\\Models\\User',1,'{\"slug\": \"products\", \"title\": \"Products\"}',NULL,'2023-12-27 03:25:30','2023-12-27 03:25:30'),(6,'default','CMS - New page created.','App\\Models\\User',NULL,1,'App\\Models\\User',1,'{\"slug\": \"menu\", \"title\": \"Menu\"}',NULL,'2023-12-27 03:26:00','2023-12-27 03:26:00'),(7,'default','Slider - New slider created.','App\\Models\\User',NULL,1,'App\\Models\\User',1,'{\"image\": \"hor_l2s0mo8i7.jpg\", \"title\": \"Rishi Recips\"}',NULL,'2023-12-27 03:31:25','2023-12-27 03:31:25'),(8,'default','Slider - Slider details updated.','App\\Models\\User',NULL,1,'App\\Models\\User',1,'{\"image\": \"hor_l2s0mo8i7.jpg\", \"title\": \"Rishi Traditional <span>Indian Food</span>\"}',NULL,'2023-12-27 03:46:24','2023-12-27 03:46:24'),(9,'default','Slider - Slider details updated.','App\\Models\\User',NULL,1,'App\\Models\\User',1,'{\"image\": \"ggggg_ezpiz1we6.png\", \"title\": \"Rishi Traditional <span>Indian Food</span>\"}',NULL,'2023-12-27 03:49:26','2023-12-27 03:49:26'),(10,'default','Slider - Slider details updated.','App\\Models\\User',NULL,1,'App\\Models\\User',1,'{\"image\": \"dfdfdfdd_t3sljtaqd.png\", \"title\": \"Rishi Traditional <span>Indian Food</span>\"}',NULL,'2023-12-27 03:51:05','2023-12-27 03:51:05'),(11,'default','Slider - Slider details updated.','App\\Models\\User',NULL,1,'App\\Models\\User',1,'{\"image\": \"2_k5pz815e5.png\", \"title\": \"Kowshik  Restaurant\"}',NULL,'2023-12-27 04:00:28','2023-12-27 04:00:28'),(12,'default','CMS -Page details removed.','App\\Models\\User',NULL,1,'App\\Models\\User',1,'{\"slug\": \"products\", \"title\": \"Products\"}',NULL,'2023-12-28 06:16:32','2023-12-28 06:16:32'),(13,'default','CMS -Page details removed.','App\\Models\\User',NULL,1,'App\\Models\\User',1,'{\"slug\": \"about-us\", \"title\": \"About Us\"}',NULL,'2023-12-28 06:16:35','2023-12-28 06:16:35'),(14,'default','CMS - New page created.','App\\Models\\User',NULL,1,'App\\Models\\User',1,'{\"slug\": \"services\", \"title\": \"Services\"}',NULL,'2023-12-28 06:16:48','2023-12-28 06:16:48'),(15,'default','CMS - New page created.','App\\Models\\User',NULL,1,'App\\Models\\User',1,'{\"slug\": \"about-us\", \"title\": \"About Us\"}',NULL,'2023-12-28 06:17:20','2023-12-28 06:17:20'),(16,'default','CMS - New page created.','App\\Models\\User',NULL,1,'App\\Models\\User',1,'{\"slug\": \"contact\", \"title\": \"Contact\"}',NULL,'2023-12-28 06:17:46','2023-12-28 06:17:46'),(17,'default','CMS - Page details updated.','App\\Models\\User',NULL,1,'App\\Models\\User',1,'{\"slug\": \"contact\", \"title\": \"Contact\"}',NULL,'2023-12-28 06:18:13','2023-12-28 06:18:13'),(18,'default','Application Settings / Settings - Setting details removed.','App\\Models\\User',NULL,1,'App\\Models\\User',1,'{\"field name\": \"Primay Color\"}',NULL,'2023-12-28 06:33:15','2023-12-28 06:33:15'),(19,'default','Slider - Slider details updated.','App\\Models\\User',NULL,1,'App\\Models\\User',1,'{\"image\": \"11_9dg7c1vsg.jpg\", \"title\": \"Kowshik  Restaurant\"}',NULL,'2023-12-28 06:59:21','2023-12-28 06:59:21'),(20,'default','Slider - Slider details updated.','App\\Models\\User',NULL,1,'App\\Models\\User',1,'{\"image\": \"top-view-table-full-delicious-food-composition_te2ijddgv.jpg\", \"title\": \"Rishi Traditional <span>Indian Food</span>\"}',NULL,'2023-12-28 07:43:03','2023-12-28 07:43:03'),(21,'default','Slider - Slider details updated.','App\\Models\\User',NULL,1,'App\\Models\\User',1,'{\"image\": \"high-angle-chicken-meal_c3hry1snc.jpg\", \"title\": \"Rishi Traditional <span>Indian Food</span>\"}',NULL,'2023-12-28 07:43:20','2023-12-28 07:43:20'),(22,'default','Slider - Slider details updated.','App\\Models\\User',NULL,1,'App\\Models\\User',1,'{\"image\": \"high-angle-chicken-meal_c3hry1snc.jpg\", \"title\": \"Traditional <span>Indian Food</span> in Omaha\"}',NULL,'2023-12-28 07:51:44','2023-12-28 07:51:44'),(23,'default','Slider - Slider details updated.','App\\Models\\User',NULL,1,'App\\Models\\User',1,'{\"image\": \"11_9dg7c1vsg.jpg\", \"title\": \"<span>Kowshik</span>  Restaurant\"}',NULL,'2023-12-28 23:20:30','2023-12-28 23:20:30'),(24,'default','Slider - Slider details updated.','App\\Models\\User',NULL,1,'App\\Models\\User',1,'{\"image\": \"11_9dg7c1vsg.jpg\", \"title\": \"<span>Kowshik</span>  Restaurant\"}',NULL,'2023-12-28 23:21:12','2023-12-28 23:21:12'),(25,'default','Application Settings / Settings - Setting details removed.','App\\Models\\User',NULL,1,'App\\Models\\User',1,'{\"field name\": \"Primay Color\"}',NULL,'2023-12-29 00:22:54','2023-12-29 00:22:54'),(26,'default','CMS -Page details removed.','App\\Models\\User',NULL,1,'App\\Models\\User',1,'{\"slug\": \"services\", \"title\": \"Services\"}',NULL,'2024-01-04 22:38:09','2024-01-04 22:38:09'),(27,'default','CMS - Page details updated.','App\\Models\\User',NULL,1,'App\\Models\\User',1,'{\"slug\": \"menu\", \"title\": \"Menu\"}',NULL,'2024-01-04 22:38:16','2024-01-04 22:38:16'),(28,'default','CMS - Page details updated.','App\\Models\\User',NULL,1,'App\\Models\\User',1,'{\"slug\": \"about-us\", \"title\": \"About Us\"}',NULL,'2024-01-04 22:38:21','2024-01-04 22:38:21'),(29,'default','CMS - Page details updated.','App\\Models\\User',NULL,1,'App\\Models\\User',1,'{\"slug\": \"contact\", \"title\": \"Contact\"}',NULL,'2024-01-04 22:38:27','2024-01-04 22:38:27'),(30,'default','CMS - Page details updated.','App\\Models\\User',NULL,1,'App\\Models\\User',1,'{\"slug\": \"our-menu\", \"title\": \"Our Menu\"}',NULL,'2024-01-05 00:35:42','2024-01-05 00:35:42'),(31,'default','CMS - Page details updated.','App\\Models\\User',NULL,1,'App\\Models\\User',1,'{\"slug\": \"our-menu\", \"title\": \"Our Menu\"}',NULL,'2024-01-05 00:36:28','2024-01-05 00:36:28'),(32,'default','CMS - Page details updated.','App\\Models\\User',NULL,1,'App\\Models\\User',1,'{\"slug\": \"contact\", \"title\": \"Contact\"}',NULL,'2024-01-05 07:22:39','2024-01-05 07:22:39'),(33,'default','Application Settings / Settings - New settings created.','App\\Models\\User',NULL,1,'App\\Models\\User',1,'{\"field name\": \"Hours of Operation\"}',NULL,'2024-01-19 07:13:02','2024-01-19 07:13:02'),(34,'default','Application Settings / Settings - New settings created.','App\\Models\\User',NULL,1,'App\\Models\\User',1,'{\"field name\": \"Footer Contact\"}',NULL,'2024-01-19 07:14:19','2024-01-19 07:14:19'),(35,'default','Application Settings / Settings - New settings created.','App\\Models\\User',NULL,1,'App\\Models\\User',1,'{\"field name\": \"Footer Contact Map Iframe\"}',NULL,'2024-01-19 07:15:05','2024-01-19 07:15:05'),(36,'default','Application Settings / Settings - New settings created.','App\\Models\\User',NULL,1,'App\\Models\\User',1,'{\"field name\": \"Footer Contact Short Description\"}',NULL,'2024-01-19 07:16:41','2024-01-19 07:16:41'),(37,'default','Application Settings / Settings - New settings created.','App\\Models\\User',NULL,1,'App\\Models\\User',1,'{\"field name\": \"Opening Hours\"}',NULL,'2024-01-19 07:17:55','2024-01-19 07:17:55'),(38,'default','Application Settings / Settings - New settings created.','App\\Models\\User',NULL,1,'App\\Models\\User',1,'{\"field name\": \"Map Location\"}',NULL,'2024-01-19 07:19:01','2024-01-19 07:19:01'),(39,'default','Application Settings / Settings - New settings created.','App\\Models\\User',NULL,1,'App\\Models\\User',1,'{\"field name\": \"Welcome\"}',NULL,'2024-01-19 07:22:39','2024-01-19 07:22:39'),(40,'default','Application Settings / Settings - New settings created.','App\\Models\\User',NULL,1,'App\\Models\\User',1,'{\"field name\": \"Welcome Title\"}',NULL,'2024-01-19 07:24:13','2024-01-19 07:24:13'),(41,'default','Application Settings / Settings - Setting details updated.','App\\Models\\User',NULL,1,'App\\Models\\User',1,'{\"field name\": \"Welcome Title\"}',NULL,'2024-01-19 07:24:35','2024-01-19 07:24:35'),(42,'default','Application Settings / Settings - New settings created.','App\\Models\\User',NULL,1,'App\\Models\\User',1,'{\"field name\": \"Welcome Description\"}',NULL,'2024-01-19 07:27:37','2024-01-19 07:27:37'),(43,'default','Application Settings / Settings - New settings created.','App\\Models\\User',NULL,1,'App\\Models\\User',1,'{\"field name\": \"Welcome Button Text\"}',NULL,'2024-01-19 07:29:20','2024-01-19 07:29:20'),(44,'default','Application Settings / Settings - New settings created.','App\\Models\\User',NULL,1,'App\\Models\\User',1,'{\"field name\": \"Welcome Button URL\"}',NULL,'2024-01-19 07:29:45','2024-01-19 07:29:45'),(45,'default','Application Settings / Settings - New settings created.','App\\Models\\User',NULL,1,'App\\Models\\User',1,'{\"field name\": \"Welcome Gallery\"}',NULL,'2024-01-19 07:38:01','2024-01-19 07:38:01'),(46,'default','Application Settings / Settings - New settings created.','App\\Models\\User',NULL,1,'App\\Models\\User',1,'{\"field name\": \"CLASSIC VINTAGE\"}',NULL,'2024-01-19 07:38:20','2024-01-19 07:38:20'),(47,'default','Application Settings / Settings - New settings created.','App\\Models\\User',NULL,1,'App\\Models\\User',1,'{\"field name\": \"Classic Vintage Title\"}',NULL,'2024-01-19 07:38:41','2024-01-19 07:38:41'),(48,'default','Application Settings / Settings - New settings created.','App\\Models\\User',NULL,1,'App\\Models\\User',1,'{\"field name\": \"Classic Vintage Description\"}',NULL,'2024-01-19 07:39:14','2024-01-19 07:39:14'),(49,'default','Application Settings / Settings - New settings created.','App\\Models\\User',NULL,1,'App\\Models\\User',1,'{\"field name\": \"Classic Vintage Image 1\"}',NULL,'2024-01-19 07:41:02','2024-01-19 07:41:02'),(50,'default','Application Settings / Settings - New settings created.','App\\Models\\User',NULL,1,'App\\Models\\User',1,'{\"field name\": \"Classic Vintage Image 2\"}',NULL,'2024-01-19 07:41:15','2024-01-19 07:41:15'),(51,'default','Application Settings / Settings - New settings created.','App\\Models\\User',NULL,1,'App\\Models\\User',1,'{\"field name\": \"Classic Vintage Image 3\"}',NULL,'2024-01-19 07:41:31','2024-01-19 07:41:31'),(52,'default','Application Settings / Settings - New settings created.','App\\Models\\User',NULL,1,'App\\Models\\User',1,'{\"field name\": \"Classic Vintage Image 4\"}',NULL,'2024-01-19 07:41:47','2024-01-19 07:41:47'),(53,'default','Application Settings / Settings - New settings created.','App\\Models\\User',NULL,1,'App\\Models\\User',1,'{\"field name\": \"Metricool Script\"}',NULL,'2024-01-19 08:45:02','2024-01-19 08:45:02'),(54,'default','Application Settings / Settings - New settings created.','App\\Models\\User',NULL,1,'App\\Models\\User',1,'{\"field name\": \"OPEN EVERYDAY Title\"}',NULL,'2024-01-19 08:49:51','2024-01-19 08:49:51'),(55,'default','Application Settings / Settings - New settings created.','App\\Models\\User',NULL,1,'App\\Models\\User',1,'{\"field name\": \"OPEN EVERYDAY Description\"}',NULL,'2024-01-19 08:50:05','2024-01-19 08:50:05'),(56,'default','Application Settings / Settings - New settings created.','App\\Models\\User',NULL,1,'App\\Models\\User',1,'{\"field name\": \"OPEN EVERYDAY Button\"}',NULL,'2024-01-19 08:50:21','2024-01-19 08:50:21'),(57,'default','Application Settings / Settings - New settings created.','App\\Models\\User',NULL,1,'App\\Models\\User',1,'{\"field name\": \"OPEN EVERYDAY URL\"}',NULL,'2024-01-19 08:50:42','2024-01-19 08:50:42'),(58,'default','Application Settings / Settings - New settings created.','App\\Models\\User',NULL,1,'App\\Models\\User',1,'{\"field name\": \"Get your favourite Title\"}',NULL,'2024-01-19 08:56:22','2024-01-19 08:56:22'),(59,'default','Application Settings / Settings - New settings created.','App\\Models\\User',NULL,1,'App\\Models\\User',1,'{\"field name\": \"Get your favourite Button\"}',NULL,'2024-01-19 08:56:52','2024-01-19 08:56:52'),(60,'default','Application Settings / Settings - New settings created.','App\\Models\\User',NULL,1,'App\\Models\\User',1,'{\"field name\": \"Get your favourite Button Url\"}',NULL,'2024-01-19 08:57:00','2024-01-19 08:57:00'),(61,'default','Application Settings / Settings - New settings created.','App\\Models\\User',NULL,1,'App\\Models\\User',1,'{\"field name\": \"Get your favourite Descriptiion\"}',NULL,'2024-01-19 08:57:40','2024-01-19 08:57:40'),(62,'default','Application Settings / Settings - New settings created.','App\\Models\\User',NULL,1,'App\\Models\\User',1,'{\"field name\": \"From Small to Large\"}',NULL,'2024-01-19 09:00:20','2024-01-19 09:00:20'),(63,'default','Application Settings / Settings - New settings created.','App\\Models\\User',NULL,1,'App\\Models\\User',1,'{\"field name\": \"From Small to Large Title\"}',NULL,'2024-01-19 09:00:35','2024-01-19 09:00:35'),(64,'default','Application Settings / Settings - New settings created.','App\\Models\\User',NULL,1,'App\\Models\\User',1,'{\"field name\": \"From Small to Large Description\"}',NULL,'2024-01-19 09:00:48','2024-01-19 09:00:48'),(65,'default','Application Settings / Settings - New settings created.','App\\Models\\User',NULL,1,'App\\Models\\User',1,'{\"field name\": \"From Small to Large Gallery\"}',NULL,'2024-01-19 09:01:05','2024-01-19 09:01:05'),(66,'default','Slider - Slider details updated.','App\\Models\\User',NULL,1,'App\\Models\\User',1,'{\"image\": \"high-angle-chicken-meal_c3hry1snc.jpg\", \"title\": \"Traditional <span>Indian Food</span> in Omaha\"}',NULL,'2024-01-19 09:25:43','2024-01-19 09:25:43'),(67,'default','CMS - Page details updated.','App\\Models\\User',NULL,1,'App\\Models\\User',1,'{\"slug\": \"about-us\", \"title\": \"About Us\"}',NULL,'2024-01-19 09:41:28','2024-01-19 09:41:28'),(68,'default','CMS - Page details updated.','App\\Models\\User',NULL,1,'App\\Models\\User',1,'{\"slug\": \"about-us\", \"title\": \"About Us\"}',NULL,'2024-01-19 09:43:54','2024-01-19 09:43:54'),(69,'default','Application Settings / Settings - New settings created.','App\\Models\\User',NULL,1,'App\\Models\\User',1,'{\"field name\": \"From Small Gallery\"}',NULL,'2024-01-20 09:44:46','2024-01-20 09:44:46'),(70,'default','Application Settings / Settings - Setting details removed.','App\\Models\\User',NULL,1,'App\\Models\\User',1,'{\"field name\": \"From Small Gallery\"}',NULL,'2024-01-20 09:45:52','2024-01-20 09:45:52'),(71,'default','Application Settings / Settings - New settings created.','App\\Models\\User',NULL,1,'App\\Models\\User',1,'{\"field name\": \"Order Now Text\"}',NULL,'2024-01-20 09:48:50','2024-01-20 09:48:50'),(72,'default','Application Settings / Settings - New settings created.','App\\Models\\User',NULL,1,'App\\Models\\User',1,'{\"field name\": \"Order Now URL\"}',NULL,'2024-01-20 09:49:04','2024-01-20 09:49:04'),(73,'default','Application Settings / Settings - New settings created.','App\\Models\\User',NULL,1,'App\\Models\\User',1,'{\"field name\": \"facebook\"}',NULL,'2024-01-20 10:11:02','2024-01-20 10:11:02'),(74,'default','Application Settings / Settings - New settings created.','App\\Models\\User',NULL,1,'App\\Models\\User',1,'{\"field name\": \"twitter\"}',NULL,'2024-01-20 10:11:15','2024-01-20 10:11:15'),(75,'default','Application Settings / Settings - New settings created.','App\\Models\\User',NULL,1,'App\\Models\\User',1,'{\"field name\": \"instagram\"}',NULL,'2024-01-20 10:11:28','2024-01-20 10:11:28'),(76,'default','Application Settings / Settings - New settings created.','App\\Models\\User',NULL,1,'App\\Models\\User',1,'{\"field name\": \"doordash\"}',NULL,'2024-01-20 10:11:54','2024-01-20 10:11:54'),(77,'default','Application Settings / Settings - New settings created.','App\\Models\\User',NULL,1,'App\\Models\\User',1,'{\"field name\": \"clover\"}',NULL,'2024-01-20 10:12:05','2024-01-20 10:12:05'),(78,'default','Application Settings / Settings - New settings created.','App\\Models\\User',NULL,1,'App\\Models\\User',1,'{\"field name\": \"uber\"}',NULL,'2024-01-20 10:12:18','2024-01-20 10:12:18'),(79,'default','Slider - slider details removed.','App\\Models\\User',NULL,1,'App\\Models\\User',1,'{\"image\": \"11_9dg7c1vsg.jpg\", \"title\": \"<span>Kowshik</span>  Restaurant\"}',NULL,'2024-01-20 11:15:10','2024-01-20 11:15:10'),(80,'default','Slider - Slider details updated.','App\\Models\\User',NULL,1,'App\\Models\\User',1,'{\"image\": \"banner-1_fg2kp6prz.png\", \"title\": \"Traditional <span>Indian Food</span> in Omaha\"}',NULL,'2024-01-20 11:15:31','2024-01-20 11:15:31'),(81,'default','Slider - Slider details updated.','App\\Models\\User',NULL,1,'App\\Models\\User',1,'{\"image\": \"banner-1_fg2kp6prz.png\", \"title\": \"Traditional <span>Indian Food</span> in Omaha\"}',NULL,'2024-01-29 07:53:14','2024-01-29 07:53:14'),(82,'default','Slider - Slider details updated.','App\\Models\\User',NULL,1,'App\\Models\\User',1,'{\"image\": \"banner-1_fg2kp6prz.png\", \"title\": \"Traditional <span>Indian Food</span> in Omaha\"}',NULL,'2024-01-29 09:19:57','2024-01-29 09:19:57'),(83,'default','Slider - New slider created.','App\\Models\\User',NULL,1,'App\\Models\\User',1,'{\"image\": \"chicken-tikka-masala-for-the-grill-recipe-hero-2_1-cb493f49e30140efbffec162d5f2d1d7_qlb80ns1u.webp\", \"title\": \"<span>Must Try</span>\"}',NULL,'2024-01-29 09:22:41','2024-01-29 09:22:41'),(84,'default','Slider - New slider created.','App\\Models\\User',NULL,1,'App\\Models\\User',1,'{\"image\": \"traditional_food_a82i7wkie.jpg\", \"title\": \"Thalis on every weekend\"}',NULL,'2024-01-29 09:25:14','2024-01-29 09:25:14'),(85,'default','Slider - Slider details updated.','App\\Models\\User',NULL,1,'App\\Models\\User',1,'{\"image\": \"chicken-tikka-masala-for-the-grill-recipe-hero-2_1-cb493f49e30140efbffec162d5f2d1d7_qlb80ns1u.webp\", \"title\": \"<span>Must Try</span>\"}',NULL,'2024-01-29 09:26:21','2024-01-29 09:26:21'),(86,'default','Slider - Slider details updated.','App\\Models\\User',NULL,1,'App\\Models\\User',1,'{\"image\": \"traditional_food_a82i7wkie.jpg\", \"title\": \"Thalis on every weekend\"}',NULL,'2024-01-29 09:27:03','2024-01-29 09:27:03'),(87,'default','Slider - Slider details updated.','App\\Models\\User',NULL,1,'App\\Models\\User',1,'{\"image\": \"banner-1_fg2kp6prz.png\", \"title\": \"Traditional <span>Indian Food</span> in Omaha\"}',NULL,'2024-01-29 09:44:15','2024-01-29 09:44:15'),(88,'default','Slider - Slider details updated.','App\\Models\\User',NULL,1,'App\\Models\\User',1,'{\"image\": \"tikka_25l5uea3m.jpg\", \"title\": \"<span>Must Try</span>\"}',NULL,'2024-01-29 09:45:26','2024-01-29 09:45:26'),(89,'default','Slider - Slider details updated.','App\\Models\\User',NULL,1,'App\\Models\\User',1,'{\"image\": \"thali_snsn5zofg.jpg\", \"title\": \"Thalis on every weekend\"}',NULL,'2024-01-29 09:45:54','2024-01-29 09:45:54'),(90,'default','Slider - New slider created.','App\\Models\\User',NULL,1,'App\\Models\\User',1,'{\"image\": \"pubs_pzvqfg5bv.jpg\", \"title\": null}',NULL,'2024-01-29 09:47:55','2024-01-29 09:47:55'),(91,'default','Slider - Slider details updated.','App\\Models\\User',NULL,1,'App\\Models\\User',1,'{\"image\": \"thali_snsn5zofg.jpg\", \"title\": \"Thalis on every weekend\"}',NULL,'2024-01-29 10:13:11','2024-01-29 10:13:11'),(92,'default','Slider - Slider details updated.','App\\Models\\User',NULL,1,'App\\Models\\User',1,'{\"image\": \"banner-1_fg2kp6prz.png\", \"title\": \"Traditional <span>Indian Food</span> in Omaha\"}',NULL,'2024-01-29 10:54:47','2024-01-29 10:54:47'),(93,'default','Slider - Slider details updated.','App\\Models\\User',NULL,1,'App\\Models\\User',1,'{\"image\": \"Group-1099_i1bknds7f.png\", \"title\": null}',NULL,'2024-01-29 10:54:50','2024-01-29 10:54:50'),(94,'default','Slider - Slider details updated.','App\\Models\\User',NULL,1,'App\\Models\\User',1,'{\"image\": \"Group-1099_i1bknds7f.png\", \"title\": \"<span>Elevate your evenings...</span>\"}',NULL,'2024-01-29 10:55:58','2024-01-29 10:55:58'),(95,'default','Slider - Slider details updated.','App\\Models\\User',NULL,1,'App\\Models\\User',1,'{\"image\": \"thali_snsn5zofg.jpg\", \"title\": \"Thalis on every weekend\"}',NULL,'2024-01-29 10:58:21','2024-01-29 10:58:21'),(96,'default','Slider - Slider details updated.','App\\Models\\User',NULL,1,'App\\Models\\User',1,'{\"image\": \"Group-1099-(1)_kfrwqryki.png\", \"title\": \"<span>Traditional Indian Food in Omaha</span>\"}',NULL,'2024-01-29 11:00:50','2024-01-29 11:00:50'),(97,'default','Slider - Slider details updated.','App\\Models\\User',NULL,1,'App\\Models\\User',1,'{\"image\": \"Group-1099-(1)_8mnsxfngy.png\", \"title\": \"<span>Must Try</span>\"}',NULL,'2024-01-29 11:03:51','2024-01-29 11:03:51'),(98,'default','Slider - Slider details updated.','App\\Models\\User',NULL,1,'App\\Models\\User',1,'{\"image\": \"Group-1099-(2)_8ajupujoz.png\", \"title\": \"<span>Traditional Indian Food in Omaha</span>\"}',NULL,'2024-01-29 11:06:45','2024-01-29 11:06:45'),(99,'default','Slider - Slider details updated.','App\\Models\\User',NULL,1,'App\\Models\\User',1,'{\"image\": \"thali_snsn5zofg.jpg\", \"title\": \"<span>Thalis on every weekend</span>\"}',NULL,'2024-01-29 11:08:35','2024-01-29 11:08:35'),(100,'default','Slider - Slider details updated.','App\\Models\\User',NULL,1,'App\\Models\\User',1,'{\"image\": \"Group-1099-(3)_kg9rgxuxq.png\", \"title\": \"<span>Thalis on every weekend</span>\"}',NULL,'2024-01-29 11:09:35','2024-01-29 11:09:35'),(101,'default','Slider - New slider created.','App\\Models\\User',NULL,1,'App\\Models\\User',1,'{\"image\": \"Group-1099-(4)_fk9vlfgmw.png\", \"title\": \"<span>Craving a feast at home?</span>\"}',NULL,'2024-01-29 11:14:18','2024-01-29 11:14:18'),(102,'default','Slider - New slider created.','App\\Models\\User',NULL,1,'App\\Models\\User',1,'{\"image\": \"Group-1099-(4)_oe8dcxhe5.png\", \"title\": \"<span>Craving a feast at home?</span>\"}',NULL,'2024-01-29 11:14:21','2024-01-29 11:14:21'),(103,'default','Slider - slider details removed.','App\\Models\\User',NULL,1,'App\\Models\\User',1,'{\"image\": \"Group-1099-(4)_oe8dcxhe5.png\", \"title\": \"<span>Craving a feast at home?</span>\"}',NULL,'2024-01-29 11:14:38','2024-01-29 11:14:38'),(104,'default','Slider - Slider details updated.','App\\Models\\User',NULL,1,'App\\Models\\User',1,'{\"image\": \"Group-1099-(1)_8mnsxfngy.png\", \"title\": \"<span>Must Try</span>\"}',NULL,'2024-01-29 11:24:29','2024-01-29 11:24:29'),(105,'default','Application Settings / Settings - New settings created.','App\\Models\\User',NULL,1,'App\\Models\\User',1,'{\"field name\": \"Watsapp\"}',NULL,'2024-01-29 11:36:01','2024-01-29 11:36:01'),(106,'default','Application Settings / Settings - New settings created.','App\\Models\\User',NULL,1,'App\\Models\\User',1,'{\"field name\": \"Grubhub\"}',NULL,'2024-01-29 11:36:34','2024-01-29 11:36:34'),(107,'default','CMS - New page created.','App\\Models\\User',NULL,1,'App\\Models\\User',1,'{\"slug\": \"blog\", \"title\": \"Blog\"}',NULL,'2024-01-29 11:37:01','2024-01-29 11:37:01'),(108,'default','CMS - Page details updated.','App\\Models\\User',NULL,1,'App\\Models\\User',1,'{\"slug\": \"blog\", \"title\": \"Blog\"}',NULL,'2024-01-29 13:15:15','2024-01-29 13:15:15'),(109,'default','Slider - Slider details updated.','App\\Models\\User',NULL,1,'App\\Models\\User',1,'{\"image\": \"Group-1099-(3)_kg9rgxuxq.png\", \"title\": \"Thalis<span>on every</span>weekend\"}',NULL,'2024-01-30 12:38:13','2024-01-30 12:38:13'),(110,'default','Slider - Slider details updated.','App\\Models\\User',NULL,1,'App\\Models\\User',1,'{\"image\": \"Group-1099_i1bknds7f.png\", \"title\": \"Elevate<span>your</span>evenings...\"}',NULL,'2024-01-30 12:38:49','2024-01-30 12:38:49'),(111,'default','Slider - Slider details updated.','App\\Models\\User',NULL,1,'App\\Models\\User',1,'{\"image\": \"Group-1099-(1)_8mnsxfngy.png\", \"title\": \"Must <span>Try</span>\"}',NULL,'2024-01-30 12:39:08','2024-01-30 12:39:08'),(112,'default','Slider - Slider details updated.','App\\Models\\User',NULL,1,'App\\Models\\User',1,'{\"image\": \"Group-1099-(4)_fk9vlfgmw.png\", \"title\": \"Craving<span>a feast</span>at home?\"}',NULL,'2024-01-30 12:39:44','2024-01-30 12:39:44'),(113,'default','Slider - Slider details updated.','App\\Models\\User',NULL,1,'App\\Models\\User',1,'{\"image\": \"Group-1099-(2)_8ajupujoz.png\", \"title\": \"Traditional<span>Indian Food</span>in Omaha\"}',NULL,'2024-01-30 12:40:50','2024-01-30 12:40:50'),(114,'default','CMS - Page details updated.','App\\Models\\User',NULL,1,'App\\Models\\User',1,'{\"slug\": \"our-menu\", \"title\": \"Our Menu\"}',NULL,'2024-01-30 16:20:26','2024-01-30 16:20:26'),(115,'default','Slider - Slider details updated.','App\\Models\\User',NULL,1,'App\\Models\\User',1,'{\"image\": \"\", \"title\": \"Traditional<span>Indian Food</span>in Omaha\"}',NULL,'2024-01-31 07:16:25','2024-01-31 07:16:25'),(116,'default','Slider - Slider details updated.','App\\Models\\User',NULL,1,'App\\Models\\User',1,'{\"image\": \"\", \"title\": \"Traditional<span>Indian Food</span>in Omaha\"}',NULL,'2024-01-31 07:17:11','2024-01-31 07:17:11'),(117,'default','Slider - Slider details updated.','App\\Models\\User',NULL,1,'App\\Models\\User',1,'{\"image\": \"WhatsApp-Image-2024-01-31-at-12.56.41_de1afae3_nddbirexy.jpg\", \"title\": \"Thalis<span>on every</span>weekend\"}',NULL,'2024-01-31 07:41:49','2024-01-31 07:41:49'),(118,'default','Slider - Slider details updated.','App\\Models\\User',NULL,1,'App\\Models\\User',1,'{\"image\": \"WhatsApp-Image-2024-01-31-at-12.56.41_de1afae3_k2nq3nlo1.jpg\", \"title\": \"Traditional<span>Indian Food</span>in Omaha\"}',NULL,'2024-01-31 07:42:11','2024-01-31 07:42:11'),(119,'default','Slider - Slider details updated.','App\\Models\\User',NULL,1,'App\\Models\\User',1,'{\"image\": \"WhatsApp-Image-2024-01-31-at-13.17.30_1188d6a6_jo2ydwp7s.jpg\", \"title\": \"Traditional<span>Indian Food</span>in Omaha\"}',NULL,'2024-01-31 07:48:09','2024-01-31 07:48:09'),(120,'default','Slider - Slider details updated.','App\\Models\\User',NULL,1,'App\\Models\\User',1,'{\"image\": \"WhatsApp-Image-2024-01-31-at-13.17.30_1188d6a6_fm0gpxrfj.jpg\", \"title\": \"Traditional<span>Indian Food</span>in Omaha\"}',NULL,'2024-01-31 07:51:31','2024-01-31 07:51:31'),(121,'default','Slider - Slider details updated.','App\\Models\\User',NULL,1,'App\\Models\\User',1,'{\"image\": \"t_fdf3obcsx.jpg\", \"title\": \"Traditional<span>Indian Food</span>in Omaha\"}',NULL,'2024-01-31 07:53:44','2024-01-31 07:53:44'),(122,'default','Slider - Slider details updated.','App\\Models\\User',NULL,1,'App\\Models\\User',1,'{\"image\": \"Group-1103-(1)_b7vo8srh1.png\", \"title\": \"Traditional<span>Indian Food</span>in Omaha\"}',NULL,'2024-01-31 08:00:52','2024-01-31 08:00:52'),(123,'default','Slider - Slider details updated.','App\\Models\\User',NULL,1,'App\\Models\\User',1,'{\"image\": \"banner-01_wxq3g24nl.png\", \"title\": \"Craving<span>a feast</span>at home?\"}',NULL,'2024-01-31 09:28:05','2024-01-31 09:28:05'),(124,'default','Slider - Slider details updated.','App\\Models\\User',NULL,1,'App\\Models\\User',1,'{\"image\": \"banner-2_8k6yof4sd.png\", \"title\": \"Thalis<span>on every</span>weekend\"}',NULL,'2024-01-31 09:29:33','2024-01-31 09:29:33'),(125,'default','Slider - Slider details updated.','App\\Models\\User',NULL,1,'App\\Models\\User',1,'{\"image\": \"banner-2222_liz6v2wg1.png\", \"title\": \"Elevate<span>your</span>evenings...\"}',NULL,'2024-01-31 09:31:30','2024-01-31 09:31:30'),(126,'default','Slider - Slider details updated.','App\\Models\\User',NULL,1,'App\\Models\\User',1,'{\"image\": \"aaaaaaaa_58ub1tmul.png\", \"title\": \"Must <span>Try</span>\"}',NULL,'2024-01-31 09:34:34','2024-01-31 09:34:34'),(127,'default','Slider - Slider details updated.','App\\Models\\User',NULL,1,'App\\Models\\User',1,'{\"image\": \"Group-1099-(3)_rtgrjheib.png\", \"title\": \"Elevate<span>your</span>evenings...\"}',NULL,'2024-01-31 11:37:53','2024-01-31 11:37:53'),(128,'default','Slider - Slider details updated.','App\\Models\\User',NULL,1,'App\\Models\\User',1,'{\"image\": \"aaaaaaaa_58ub1tmul.png\", \"title\": \"Quick & Tasty <span>Takeaway</span> Delights!\"}',NULL,'2024-01-31 15:10:20','2024-01-31 15:10:20'),(129,'default','Slider - Slider details updated.','App\\Models\\User',NULL,1,'App\\Models\\User',1,'{\"image\": \"aaaaaaaa_58ub1tmul.png\", \"title\": \"Quick & Tasty <span>Takeaway</span> Delights!\"}',NULL,'2024-01-31 15:11:07','2024-01-31 15:11:07'),(130,'default','Slider - Slider details updated.','App\\Models\\User',NULL,1,'App\\Models\\User',1,'{\"image\": \"banner-01_wxq3g24nl.png\", \"title\": \"Quick & Tasty <span>Takeaway</span> Delights!\"}',NULL,'2024-01-31 15:11:22','2024-01-31 15:11:22'),(131,'default','Slider - Slider details updated.','App\\Models\\User',NULL,1,'App\\Models\\User',1,'{\"image\": \"banner-2_8k6yof4sd.png\", \"title\": \"Thalis<span>on every</span>weekend\"}',NULL,'2024-01-31 15:18:08','2024-01-31 15:18:08'),(132,'default','Slider - Slider details updated.','App\\Models\\User',NULL,1,'App\\Models\\User',1,'{\"image\": \"aaaaaaaa_58ub1tmul.png\", \"title\": \"Savor <span>Chicken Tikka</span> Masala Magic!\"}',NULL,'2024-01-31 15:18:43','2024-01-31 15:18:43'),(133,'default','Slider - Slider details updated.','App\\Models\\User',NULL,1,'App\\Models\\User',1,'{\"image\": \"banner-2_8k6yof4sd.png\", \"title\": \"Weekend <span>Thalis</span> Await You Here!\"}',NULL,'2024-01-31 15:22:27','2024-01-31 15:22:27'),(134,'default','Slider - Slider details updated.','App\\Models\\User',NULL,1,'App\\Models\\User',1,'{\"image\": \"banner-2_8k6yof4sd.png\", \"title\": \"Weekend <span>Thalis</span> Await You!\"}',NULL,'2024-01-31 15:24:27','2024-01-31 15:24:27'),(135,'default','Slider - Slider details updated.','App\\Models\\User',NULL,1,'App\\Models\\User',1,'{\"image\": \"Group-1099-(3)_rtgrjheib.png\", \"title\": \"Crafted <span>Bar Excellence</span>Unleashed!\"}',NULL,'2024-01-31 15:31:19','2024-01-31 15:31:19'),(136,'default','Slider - Slider details updated.','App\\Models\\User',NULL,1,'App\\Models\\User',1,'{\"image\": \"Group-1099-(3)_rtgrjheib.png\", \"title\": \"Raise <span>The Bar</span>on Savings!\"}',NULL,'2024-01-31 15:34:26','2024-01-31 15:34:26'),(137,'default','Slider - Slider details updated.','App\\Models\\User',NULL,1,'App\\Models\\User',1,'{\"image\": \"Group-1103-(1)_b7vo8srh1.png\", \"title\": \"Traditional<span>Indian Food</span>in Omaha\"}',NULL,'2024-01-31 15:35:13','2024-01-31 15:35:13'),(138,'default','Slider - Slider details updated.','App\\Models\\User',NULL,1,'App\\Models\\User',1,'{\"image\": \"Group-1103-(1)_b7vo8srh1.png\", \"title\": \"Traditional<span>Indian Food</span>in Omaha\"}',NULL,'2024-01-31 15:35:45','2024-01-31 15:35:45'),(139,'default','Slider - Slider details updated.','App\\Models\\User',NULL,1,'App\\Models\\User',1,'{\"image\": \"aaaaaaaa_58ub1tmul.png\", \"title\": \"Savor <span>Chicken Tikka</span> Masala Magic!\"}',NULL,'2024-01-31 15:37:08','2024-01-31 15:37:08'),(140,'default','Slider - Slider details updated.','App\\Models\\User',NULL,1,'App\\Models\\User',1,'{\"image\": \"banner-2_8k6yof4sd.png\", \"title\": \"Weekend <span> Thalis </span>Await You!\"}',NULL,'2024-01-31 15:37:29','2024-01-31 15:37:29'),(141,'default','Slider - Slider details updated.','App\\Models\\User',NULL,1,'App\\Models\\User',1,'{\"image\": \"Group-1099-(3)_rtgrjheib.png\", \"title\": \"Raise <span>The Bar</span>on Savings!\"}',NULL,'2024-01-31 15:37:46','2024-01-31 15:37:46'),(142,'default','Slider - Slider details updated.','App\\Models\\User',NULL,1,'App\\Models\\User',1,'{\"image\": \"banner-01_wxq3g24nl.png\", \"title\": \"Quick & Tasty <span>Takeaway</span> Delights!\"}',NULL,'2024-01-31 15:37:55','2024-01-31 15:37:55'),(143,'default','Slider - Slider details updated.','App\\Models\\User',NULL,1,'App\\Models\\User',1,'{\"image\": \"Group-1103-(1)_b7vo8srh1.png\", \"title\": \"Traditional<span>Indian Food</span>in Omaha\"}',NULL,'2024-01-31 15:38:04','2024-01-31 15:38:04'),(144,'default','Slider - Slider details updated.','App\\Models\\User',NULL,1,'App\\Models\\User',1,'{\"image\": \"aaaaaaaa_58ub1tmul.png\", \"title\": \"Savor <span>Chicken Tikka</span> Masala Magic!\"}',NULL,'2024-01-31 15:38:13','2024-01-31 15:38:13'),(145,'default','Slider - Slider details updated.','App\\Models\\User',NULL,1,'App\\Models\\User',1,'{\"image\": \"banner-2_8k6yof4sd.png\", \"title\": \"Weekend <span> Thalis </span>Await You!\"}',NULL,'2024-01-31 15:38:23','2024-01-31 15:38:23'),(146,'default','Slider - Slider details updated.','App\\Models\\User',NULL,1,'App\\Models\\User',1,'{\"image\": \"Group-1099-(3)_rtgrjheib.png\", \"title\": \"Raise <span>The Bar</span>on Savings!\"}',NULL,'2024-01-31 15:38:33','2024-01-31 15:38:33'),(147,'default','Slider - Slider details updated.','App\\Models\\User',NULL,1,'App\\Models\\User',1,'{\"image\": \"banner-01_wxq3g24nl.png\", \"title\": \"Quick & Tasty <span>Takeaway</span> Delights!\"}',NULL,'2024-01-31 15:38:42','2024-01-31 15:38:42'),(148,'default','CMS - Page details updated.','App\\Models\\User',NULL,1,'App\\Models\\User',1,'{\"slug\": \"blog\", \"title\": \"Blog\"}',NULL,'2024-02-01 07:16:58','2024-02-01 07:16:58'),(149,'default','CMS - Page details updated.','App\\Models\\User',NULL,1,'App\\Models\\User',1,'{\"slug\": \"menu\", \"title\": \"Menu\"}',NULL,'2024-02-01 07:19:14','2024-02-01 07:19:14'),(150,'default','CMS - Page details updated.','App\\Models\\User',NULL,1,'App\\Models\\User',1,'{\"slug\": \"our-menu\", \"title\": \"Our Menu\"}',NULL,'2024-02-01 07:21:32','2024-02-01 07:21:32'),(151,'default','Slider - New slider created.','App\\Models\\User',NULL,1,'App\\Models\\User',1,'{\"image\": \"favicon_4kv17o5gl.png\", \"title\": \"test\"}',NULL,'2024-02-03 04:14:27','2024-02-03 04:14:27'),(152,'default','Slider - slider details removed.','App\\Models\\User',NULL,1,'App\\Models\\User',1,'{\"image\": \"favicon_4kv17o5gl.png\", \"title\": \"test\"}',NULL,'2024-02-03 09:15:09','2024-02-03 09:15:09'),(153,'default','Application Settings / Settings - Setting details updated.','App\\Models\\User',NULL,1,'App\\Models\\User',1,'{\"field name\": \"Secondary Mail\"}',NULL,'2024-02-03 09:54:36','2024-02-03 09:54:36'),(154,'default','Application Settings / Settings - Setting details updated.','App\\Models\\User',NULL,1,'App\\Models\\User',1,'{\"field name\": \"Secondary Email\"}',NULL,'2024-02-03 10:39:47','2024-02-03 10:39:47'),(155,'default','Application Settings / Settings - New settings created.','App\\Models\\User',NULL,1,'App\\Models\\User',1,'{\"field name\": \"From Small Text\"}',NULL,'2024-02-07 04:20:57','2024-02-07 04:20:57'),(156,'default','Application Settings / Settings - New settings created.','App\\Models\\User',NULL,1,'App\\Models\\User',1,'{\"field name\": \"From Small Text Url\"}',NULL,'2024-02-07 04:21:31','2024-02-07 04:21:31'),(157,'default','Clientele - New Clientele created.','App\\Models\\User',NULL,1,'App\\Models\\User',1,'{\"image\": \"1111111111_yijkuwawk_8aeynbjhq.jpg\"}',NULL,'2024-02-08 12:14:17','2024-02-08 12:14:17'),(158,'default','Clientele - Clientele removed.','App\\Models\\User',NULL,1,'App\\Models\\User',1,'{\"image\": \"1111111111_yijkuwawk_8aeynbjhq.jpg\"}',NULL,'2024-02-08 12:14:40','2024-02-08 12:14:40'),(159,'default','Clientele - New Clientele created.','App\\Models\\User',NULL,1,'App\\Models\\User',1,'{\"image\": \"1111111111_yijkuwawk_qyyvepz0a.jpg\"}',NULL,'2024-02-08 12:16:15','2024-02-08 12:16:15'),(160,'default','Clientele - Clientele removed.','App\\Models\\User',NULL,1,'App\\Models\\User',1,'{\"image\": \"1111111111_yijkuwawk_qyyvepz0a.jpg\"}',NULL,'2024-02-08 12:16:31','2024-02-08 12:16:31'),(161,'default','CMS - Page details updated.','App\\Models\\User',NULL,1,'App\\Models\\User',1,'{\"slug\": \"about-us\", \"title\": \"About Us\"}',NULL,'2024-02-15 09:57:08','2024-02-15 09:57:08'),(162,'default','CMS - Page details updated.','App\\Models\\User',NULL,1,'App\\Models\\User',1,'{\"slug\": \"our-menu\", \"title\": \"Our Menu\"}',NULL,'2024-02-15 09:57:19','2024-02-15 09:57:19'),(163,'default','CMS - Page details updated.','App\\Models\\User',NULL,1,'App\\Models\\User',1,'{\"slug\": \"about-us\", \"title\": \"About Us\"}',NULL,'2024-02-15 09:57:53','2024-02-15 09:57:53'),(164,'default','Slider - Slider details updated.','App\\Models\\User',NULL,1,'App\\Models\\User',1,'{\"image\": \"thali_ri4xlki32.png\", \"title\": \"Weekend <span> Thalis </span>Await You!\"}',NULL,'2024-02-15 10:47:18','2024-02-15 10:47:18'),(165,'default','Slider - Slider details updated.','App\\Models\\User',NULL,1,'App\\Models\\User',1,'{\"image\": \"indian_hnq7q29pj.png\", \"title\": \"Traditional<span>Indian Food</span>in Omaha\"}',NULL,'2024-02-15 10:51:46','2024-02-15 10:51:46'),(166,'default','Slider - Slider details updated.','App\\Models\\User',NULL,1,'App\\Models\\User',1,'{\"image\": \"tikka_sps0dl96l.png\", \"title\": \"Savor <span>Chicken Tikka</span> Masala Magic!\"}',NULL,'2024-02-15 10:52:37','2024-02-15 10:52:37'),(167,'default','Slider - Slider details updated.','App\\Models\\User',NULL,1,'App\\Models\\User',1,'{\"image\": \"\", \"title\": \"Savor <span>Chicken Tikka</span> Masala Magic!\"}',NULL,'2024-02-15 10:55:30','2024-02-15 10:55:30'),(168,'default','Slider - Slider details updated.','App\\Models\\User',NULL,1,'App\\Models\\User',1,'{\"image\": \"tikka_bcr0y9v5h.webp\", \"title\": \"Savor <span>Chicken Tikka</span> Masala Magic!\"}',NULL,'2024-02-15 10:55:34','2024-02-15 10:55:34'),(169,'default','Slider - Slider details updated.','App\\Models\\User',NULL,1,'App\\Models\\User',1,'{\"image\": \"\", \"title\": \"Traditional<span>Indian Food</span>in Omaha\"}',NULL,'2024-02-15 10:57:54','2024-02-15 10:57:54'),(170,'default','Slider - Slider details updated.','App\\Models\\User',NULL,1,'App\\Models\\User',1,'{\"image\": \"indian_ldaxuklkn.webp\", \"title\": \"Traditional<span>Indian Food</span>in Omaha\"}',NULL,'2024-02-15 10:57:55','2024-02-15 10:57:55'),(171,'default','Slider - Slider details updated.','App\\Models\\User',NULL,1,'App\\Models\\User',1,'{\"image\": \"thali_8v2xcy2nu.webp\", \"title\": \"Weekend <span> Thalis </span>Await You!\"}',NULL,'2024-02-15 10:58:13','2024-02-15 10:58:13'),(172,'default','CMS - Page details updated.','App\\Models\\User',NULL,1,'App\\Models\\User',1,'{\"slug\": \"contact\", \"title\": \"Contact\"}',NULL,'2024-02-15 11:17:29','2024-02-15 11:17:29'),(173,'default','Clientele - New Clientele created.','App\\Models\\User',NULL,1,'App\\Models\\User',1,'{\"image\": \"samosa-2023-11-27-05-12-54-utc_qew5n1y4d.jpg\"}',NULL,'2024-02-15 11:24:25','2024-02-15 11:24:25'),(174,'default','Clientele -  Clientele name updated.','App\\Models\\User',NULL,1,'App\\Models\\User',1,'{\"image\": \"samosa-2023-11-27-05-12-54-utc_qew5n1y4d.jpg\"}',NULL,'2024-02-15 11:44:49','2024-02-15 11:44:49'),(175,'default','Clientele -  Clientele name updated.','App\\Models\\User',NULL,1,'App\\Models\\User',1,'{\"image\": \"samosa-2023-11-27-05-12-54-utc_qew5n1y4d.jpg\"}',NULL,'2024-02-15 11:45:40','2024-02-15 11:45:40'),(176,'default','Clientele -  Clientele name updated.','App\\Models\\User',NULL,1,'App\\Models\\User',1,'{\"image\": \"samosa-2023-11-27-05-12-54-utc_qew5n1y4d.jpg\"}',NULL,'2024-02-15 11:53:15','2024-02-15 11:53:15'),(177,'default','Application Settings / Settings - New settings created.','App\\Models\\User',NULL,1,'App\\Models\\User',1,'{\"field name\": \"Hear From You\"}',NULL,'2024-02-15 13:03:25','2024-02-15 13:03:25'),(178,'default','Application Settings / Settings - New settings created.','App\\Models\\User',NULL,1,'App\\Models\\User',1,'{\"field name\": \"Contact Success Image\"}',NULL,'2024-02-15 13:03:47','2024-02-15 13:03:47'),(179,'default','Application Settings / Settings - New settings created.','App\\Models\\User',NULL,1,'App\\Models\\User',1,'{\"field name\": \"Contact Success Message\"}',NULL,'2024-02-15 13:04:15','2024-02-15 13:04:15'),(180,'default','Clientele - New Clientele created.','App\\Models\\User',NULL,1,'App\\Models\\User',1,'{\"image\": \"chicken_5ers6pfoc.webp\"}',NULL,'2024-02-15 13:13:49','2024-02-15 13:13:49'),(181,'default','Clientele - New Clientele created.','App\\Models\\User',NULL,1,'App\\Models\\User',1,'{\"image\": \"naan_5kq89ptqo.webp\"}',NULL,'2024-02-15 13:17:26','2024-02-15 13:17:26'),(182,'default','Clientele - New Clientele created.','App\\Models\\User',NULL,1,'App\\Models\\User',1,'{\"image\": \"LAMB_sn12waqg0.webp\"}',NULL,'2024-02-15 13:25:45','2024-02-15 13:25:45'),(183,'default','Clientele - New Clientele created.','App\\Models\\User',NULL,1,'App\\Models\\User',1,'{\"image\": \"gulab-jam_nsxn4yz2m.webp\"}',NULL,'2024-02-15 13:26:53','2024-02-15 13:26:53'),(184,'default','Clientele -  Clientele name updated.','App\\Models\\User',NULL,1,'App\\Models\\User',1,'{\"image\": \"samosa-2023-11-27-05-12-54-utc-(1)_knjjeqx8u.webp\"}',NULL,'2024-02-15 13:28:37','2024-02-15 13:28:37'),(185,'default','CMS - Page details updated.','App\\Models\\User',NULL,1,'App\\Models\\User',1,'{\"slug\": \"about-us\", \"title\": \"About Us\"}',NULL,'2024-02-15 17:19:47','2024-02-15 17:19:47'),(186,'default','Clientele -  Clientele name updated.','App\\Models\\User',NULL,1,'App\\Models\\User',1,'{\"image\": \"20240210_135753_8ijzm2w3d.webp\"}',NULL,'2024-02-16 03:53:09','2024-02-16 03:53:09'),(187,'default','Clientele -  Clientele name updated.','App\\Models\\User',NULL,1,'App\\Models\\User',1,'{\"image\": \"gulab-jamun-indian-sweet-food-for-diwali-or-weddin-2023-11-27-05-12-41-utc_7iteouk61.webp\"}',NULL,'2024-02-16 03:53:24','2024-02-16 03:53:24'),(188,'default','CMS - Page details updated.','App\\Models\\User',NULL,1,'App\\Models\\User',1,'{\"slug\": \"about-us\", \"title\": \"About Us\"}',NULL,'2024-02-16 06:22:53','2024-02-16 06:22:53'),(189,'default','Application Settings / Settings - New settings created.','App\\Models\\User',NULL,1,'App\\Models\\User',1,'{\"field name\": \"Get Your Favourite Image\"}',NULL,'2024-02-16 07:17:28','2024-02-16 07:17:28'),(190,'default','Clientele -  Clientele name updated.','App\\Models\\User',NULL,1,'App\\Models\\User',1,'{\"image\": \"Gulab-jamun_sfk6lqt8e.webp\"}',NULL,'2024-02-16 08:50:44','2024-02-16 08:50:44'),(191,'default','Clientele -  Clientele name updated.','App\\Models\\User',NULL,1,'App\\Models\\User',1,'{\"image\": \"Untitled-3_kmbsipyzl.webp\"}',NULL,'2024-02-16 09:09:46','2024-02-16 09:09:46'),(192,'default','Slider - Slider details updated.','App\\Models\\User',NULL,1,'App\\Models\\User',1,'{\"image\": \"indian_food_il749cu4o.png\", \"title\": \"Traditional<span>Indian Food</span>in Omaha\"}',NULL,'2024-02-16 09:21:58','2024-02-16 09:21:58'),(193,'default','Clientele -  Clientele name updated.','App\\Models\\User',NULL,1,'App\\Models\\User',1,'{\"image\": \"Untitled-design-_3__ccl0egfk3.webp\"}',NULL,'2024-02-16 09:37:32','2024-02-16 09:37:32'),(194,'default','Slider - Slider details updated.','App\\Models\\User',NULL,1,'App\\Models\\User',1,'{\"image\": \"Group-1099_r9959204h.png\", \"title\": \"Savor <span>Chicken Tikka</span> Masala Magic!\"}',NULL,'2024-02-16 10:23:06','2024-02-16 10:23:06'),(195,'default','Slider - Slider details updated.','App\\Models\\User',NULL,1,'App\\Models\\User',1,'{\"image\": \"Group-1099_khh97hcp1.webp\", \"title\": \"Savor <span>Chicken Tikka</span> Masala Magic!\"}',NULL,'2024-02-16 10:34:57','2024-02-16 10:34:57'),(196,'default','Slider - Slider details updated.','App\\Models\\User',NULL,1,'App\\Models\\User',1,'{\"image\": \"Group-1099-(1)_88puz5jg6.webp\", \"title\": \"Traditional<span>Indian Food</span>in Omaha\"}',NULL,'2024-02-16 10:40:19','2024-02-16 10:40:19'),(197,'default','CMS - Page details updated.','App\\Models\\User',NULL,1,'App\\Models\\User',1,'{\"slug\": \"about-us\", \"title\": \"About Us\"}',NULL,'2024-02-16 10:55:55','2024-02-16 10:55:55'),(198,'default','Slider - Slider details updated.','App\\Models\\User',NULL,1,'App\\Models\\User',1,'{\"image\": \"Group-1099-(1)_88puz5jg6.webp\", \"title\": \"Traditional<span>Indian Food</span>in Omaha\"}',NULL,'2024-02-16 16:11:37','2024-02-16 16:11:37'),(199,'default','Slider - Slider details updated.','App\\Models\\User',NULL,1,'App\\Models\\User',1,'{\"image\": \"Group-1099-(1)_88puz5jg6.webp\", \"title\": \"Traditional<span>Indian Food</span>in Omaha\"}',NULL,'2024-02-16 16:13:00','2024-02-16 16:13:00'),(200,'default','Slider - Slider details updated.','App\\Models\\User',NULL,1,'App\\Models\\User',1,'{\"image\": \"Group-1099-(1)_88puz5jg6.webp\", \"title\": \"Traditional<span>Indian Food</span>in Omaha\"}',NULL,'2024-02-16 16:13:32','2024-02-16 16:13:32'),(201,'default','Slider - Slider details updated.','App\\Models\\User',NULL,1,'App\\Models\\User',1,'{\"image\": \"thali_8v2xcy2nu.webp\", \"title\": \"Weekend <span> Thalis </span>Await You!\"}',NULL,'2024-02-16 16:15:45','2024-02-16 16:15:45'),(202,'default','Slider - Slider details updated.','App\\Models\\User',NULL,1,'App\\Models\\User',1,'{\"image\": \"Group-1099_khh97hcp1.webp\", \"title\": \"Savor <span>Chicken Tikka</span> Masala Magic!\"}',NULL,'2024-02-16 16:16:22','2024-02-16 16:16:22'),(203,'default','Slider - Slider details updated.','App\\Models\\User',NULL,1,'App\\Models\\User',1,'{\"image\": \"Group-1099-(3)_rtgrjheib.png\", \"title\": \"Raise <span>The Bar</span>on Savings!\"}',NULL,'2024-02-16 16:19:57','2024-02-16 16:19:57'),(204,'default','Slider - Slider details updated.','App\\Models\\User',NULL,1,'App\\Models\\User',1,'{\"image\": \"thali_8v2xcy2nu.webp\", \"title\": \"Weekend <span> Thalis </span>Await You!\"}',NULL,'2024-02-16 16:20:56','2024-02-16 16:20:56'),(205,'default','Slider - Slider details updated.','App\\Models\\User',NULL,1,'App\\Models\\User',1,'{\"image\": \"Group-1099-(3)_rtgrjheib.png\", \"title\": \"Raise <span>The Bar</span>on Savings!\"}',NULL,'2024-02-16 16:21:37','2024-02-16 16:21:37'),(206,'default','Slider - Slider details updated.','App\\Models\\User',NULL,1,'App\\Models\\User',1,'{\"image\": \"Group-1099-(3)_rtgrjheib.png\", \"title\": \"Raise <span>The Bar</span>on Savings!\"}',NULL,'2024-02-16 16:22:56','2024-02-16 16:22:56'),(207,'default','Slider - Slider details updated.','App\\Models\\User',NULL,1,'App\\Models\\User',1,'{\"image\": \"Group-1099-(3)_rtgrjheib.png\", \"title\": \"Raise <span>The Bar</span>on Savings!\"}',NULL,'2024-02-16 16:23:57','2024-02-16 16:23:57'),(208,'default','Slider - Slider details updated.','App\\Models\\User',NULL,1,'App\\Models\\User',1,'{\"image\": \"Group-1099-(1)_88puz5jg6.webp\", \"title\": \"Traditional<span>Indian Food</span>in Omaha\"}',NULL,'2024-02-16 16:25:49','2024-02-16 16:25:49'),(209,'default','Slider - Slider details updated.','App\\Models\\User',NULL,1,'App\\Models\\User',1,'{\"image\": \"banner-01_wxq3g24nl.png\", \"title\": \"Quick & Tasty <span>Takeaway</span> Delights!\"}',NULL,'2024-02-17 09:47:59','2024-02-17 09:47:59'),(210,'default','CMS - Page details updated.','App\\Models\\User',NULL,1,'App\\Models\\User',1,'{\"slug\": \"about-us\", \"title\": \"About Us\"}',NULL,'2024-02-17 16:22:20','2024-02-17 16:22:20'),(211,'default','CMS - Page details updated.','App\\Models\\User',NULL,1,'App\\Models\\User',1,'{\"slug\": \"about-us\", \"title\": \"About Us\"}',NULL,'2024-02-17 16:28:37','2024-02-17 16:28:37'),(212,'default','CMS - Page details updated.','App\\Models\\User',NULL,1,'App\\Models\\User',1,'{\"slug\": \"about-us\", \"title\": \"About Us\"}',NULL,'2024-02-17 16:29:16','2024-02-17 16:29:16'),(213,'default','CMS - Page details updated.','App\\Models\\User',NULL,1,'App\\Models\\User',1,'{\"slug\": \"about-us\", \"title\": \"About Us\"}',NULL,'2024-02-18 07:55:12','2024-02-18 07:55:12'),(214,'default','CMS - Page details updated.','App\\Models\\User',NULL,1,'App\\Models\\User',1,'{\"slug\": \"about-us\", \"title\": \"About Us\"}',NULL,'2024-02-18 07:57:55','2024-02-18 07:57:55'),(215,'default','CMS - Page details updated.','App\\Models\\User',NULL,1,'App\\Models\\User',1,'{\"slug\": \"contact\", \"title\": \"Contact\"}',NULL,'2024-02-18 08:01:04','2024-02-18 08:01:04'),(216,'default','CMS - Page details updated.','App\\Models\\User',NULL,1,'App\\Models\\User',1,'{\"slug\": \"about-us\", \"title\": \"About Us\"}',NULL,'2024-02-19 01:23:23','2024-02-19 01:23:23'),(217,'default','CMS - Page details updated.','App\\Models\\User',NULL,1,'App\\Models\\User',1,'{\"slug\": \"about-us\", \"title\": \"About Us\"}',NULL,'2024-02-19 01:24:53','2024-02-19 01:24:53'),(218,'default','Slider - Slider details updated.','App\\Models\\User',NULL,1,'App\\Models\\User',1,'{\"image\": \"Group-1099-(1)_88puz5jg6.webp\", \"title\": \"Traditional<span> Indian Food</span> in Omaha\"}',NULL,'2024-02-24 12:53:39','2024-02-24 12:53:39'),(219,'default','Clientele -  Clientele name updated.','App\\Models\\User',NULL,1,'App\\Models\\User',1,'{\"image\": \"samosa-2023-11-27-05-12-54-utc-(1)_knjjeqx8u.webp\"}',NULL,'2024-02-26 14:30:19','2024-02-26 14:30:19'),(220,'default','Clientele -  Clientele name updated.','App\\Models\\User',NULL,1,'App\\Models\\User',1,'{\"image\": \"Untitled-design-_3__ccl0egfk3.webp\"}',NULL,'2024-02-26 14:30:28','2024-02-26 14:30:28'),(221,'default','User Management / Users - User details updated.','App\\Models\\User',NULL,1,'App\\Models\\User',1,'{\"name\": \"F9 Admin\", \"email\": \"admin@admin.com\"}',NULL,'2024-03-01 10:58:50','2024-03-01 10:58:50'),(222,'default','User Management / Roles - New role created.','App\\Models\\User',NULL,1,'App\\Models\\User',1,'{\"name\": \"Admin\"}',NULL,'2024-03-01 11:01:33','2024-03-01 11:01:33'),(223,'default','User Management / Users - New user created.','App\\Models\\User',NULL,1,'App\\Models\\User',1,'{\"name\": \"Admin\", \"email\": \"omaha@maharaja.com\"}',NULL,'2024-03-01 11:03:14','2024-03-01 11:03:14'),(224,'default','User Management / Users - User details updated.','App\\Models\\User',NULL,1,'App\\Models\\User',1,'{\"name\": \"Admin\", \"email\": \"omaha@admin.com\"}',NULL,'2024-03-01 11:05:54','2024-03-01 11:05:54'),(225,'default','User Management / Users - User details updated.','App\\Models\\User',NULL,1,'App\\Models\\User',1,'{\"name\": \"F9 Admin\", \"email\": \"admin@admin.com\"}',NULL,'2024-03-01 11:07:17','2024-03-01 11:07:17'),(226,'default','User Management / Users - User details updated.','App\\Models\\User',NULL,1,'App\\Models\\User',1,'{\"name\": \"Admin\", \"email\": \"omaha@admin.com\"}',NULL,'2024-03-01 11:07:26','2024-03-01 11:07:26'),(227,'default','User Management / Users - User details updated.','App\\Models\\User',NULL,1,'App\\Models\\User',1,'{\"name\": \"Admin\", \"email\": \"omaha@admin.com\"}',NULL,'2024-03-01 11:07:58','2024-03-01 11:07:58'),(228,'default','CMS - Page details updated.','App\\Models\\User',NULL,1,'App\\Models\\User',1,'{\"slug\": \"about-us\", \"title\": \"About Us\"}',NULL,'2024-03-01 11:12:35','2024-03-01 11:12:35'),(229,'default','CMS - Page details updated.','App\\Models\\User',NULL,1,'App\\Models\\User',1,'{\"slug\": \"our-menu\", \"title\": \"Our Menu\"}',NULL,'2024-03-01 11:12:46','2024-03-01 11:12:46'),(230,'default','CMS - Page details updated.','App\\Models\\User',NULL,1,'App\\Models\\User',1,'{\"slug\": \"contact\", \"title\": \"Contact\"}',NULL,'2024-03-01 11:12:52','2024-03-01 11:12:52'),(231,'default','CMS - Page details updated.','App\\Models\\User',NULL,1,'App\\Models\\User',1,'{\"slug\": \"blog\", \"title\": \"Blog\"}',NULL,'2024-03-01 11:12:59','2024-03-01 11:12:59'),(232,'default','CMS - Page details updated.','App\\Models\\User',NULL,1,'App\\Models\\User',1,'{\"slug\": \"contact\", \"title\": \"Contact\"}',NULL,'2024-03-01 11:13:05','2024-03-01 11:13:05'),(233,'default','Clientele -  Clientele name updated.','App\\Models\\User',NULL,1,'App\\Models\\User',1,'{\"image\": \"samosa-2023-11-27-05-12-54-utc-(1)_knjjeqx8u.webp\"}',NULL,'2024-03-01 11:13:16','2024-03-01 11:13:16'),(234,'default','Slider - Slider details updated.','App\\Models\\User',NULL,1,'App\\Models\\User',1,'{\"image\": \"Group-1099-(1)_88puz5jg6.webp\", \"title\": \"Traditional<span> Indian Food</span> in Omaha\"}',NULL,'2024-03-07 18:36:01','2024-03-07 18:36:01'),(235,'default','Slider - Slider details updated.','App\\Models\\User',NULL,1,'App\\Models\\User',1,'{\"image\": \"Group-1099_khh97hcp1.webp\", \"title\": \"Savor <span>Chicken Tikka</span> Masala Magic!\"}',NULL,'2024-03-07 18:36:29','2024-03-07 18:36:29'),(236,'default','Slider - Slider details updated.','App\\Models\\User',NULL,1,'App\\Models\\User',1,'{\"image\": \"thali_8v2xcy2nu.webp\", \"title\": \"Weekend <span> Thalis </span>Await You!\"}',NULL,'2024-03-07 18:36:59','2024-03-07 18:36:59'),(237,'default','Slider - Slider details updated.','App\\Models\\User',NULL,1,'App\\Models\\User',1,'{\"image\": \"Group-1099-(3)_rtgrjheib.png\", \"title\": \"Raise <span>The Bar</span>on Savings!\"}',NULL,'2024-03-07 18:37:43','2024-03-07 18:37:43'),(238,'default','Slider - Slider details updated.','App\\Models\\User',NULL,1,'App\\Models\\User',1,'{\"image\": \"banner-01_wxq3g24nl.png\", \"title\": \"Quick & Tasty <span>Takeaway</span> Delights!\"}',NULL,'2024-03-07 18:38:21','2024-03-07 18:38:21'),(239,'default','CMS - Page details updated.','App\\Models\\User',NULL,1,'App\\Models\\User',1,'{\"slug\": \"our-menu\", \"title\": \"Our Menu\"}',NULL,'2024-03-07 18:42:18','2024-03-07 18:42:18'),(240,'default','CMS - Page details updated.','App\\Models\\User',NULL,1,'App\\Models\\User',1,'{\"slug\": \"about-us\", \"title\": \"About Us\"}',NULL,'2024-03-07 18:42:43','2024-03-07 18:42:43'),(241,'default','CMS - Page details updated.','App\\Models\\User',NULL,1,'App\\Models\\User',1,'{\"slug\": \"contact\", \"title\": \"Contact\"}',NULL,'2024-03-07 18:42:51','2024-03-07 18:42:51'),(242,'default','CMS - Page details updated.','App\\Models\\User',NULL,1,'App\\Models\\User',1,'{\"slug\": \"blog\", \"title\": \"Blog\"}',NULL,'2024-03-07 18:42:57','2024-03-07 18:42:57'),(243,'default','CMS - Page details updated.','App\\Models\\User',NULL,1,'App\\Models\\User',1,'{\"slug\": \"our-menu\", \"title\": \"Our Menu\"}',NULL,'2024-03-08 12:40:54','2024-03-08 12:40:54'),(244,'default','CMS - Page details updated.','App\\Models\\User',NULL,1,'App\\Models\\User',1,'{\"slug\": \"about-us\", \"title\": \"About Us\"}',NULL,'2024-03-08 12:43:24','2024-03-08 12:43:24'),(245,'default','CMS - Page details updated.','App\\Models\\User',NULL,1,'App\\Models\\User',1,'{\"slug\": \"our-menu\", \"title\": \"Our Menu\"}',NULL,'2024-03-08 12:43:46','2024-03-08 12:43:46'),(246,'default','CMS - Page details updated.','App\\Models\\User',NULL,1,'App\\Models\\User',1,'{\"slug\": \"about-us\", \"title\": \"About Us\"}',NULL,'2024-03-09 05:32:52','2024-03-09 05:32:52'),(247,'default','CMS - Page details updated.','App\\Models\\User',NULL,1,'App\\Models\\User',1,'{\"slug\": \"about-us\", \"title\": \"About Us\"}',NULL,'2024-03-09 10:54:11','2024-03-09 10:54:11'),(248,'default','CMS - Page details updated.','App\\Models\\User',NULL,1,'App\\Models\\User',1,'{\"slug\": \"our-menu\", \"title\": \"Our Menu\"}',NULL,'2024-03-09 11:05:09','2024-03-09 11:05:09'),(249,'default','CMS - Page details updated.','App\\Models\\User',NULL,1,'App\\Models\\User',1,'{\"slug\": \"our-menu\", \"title\": \"Our Menu\"}',NULL,'2024-03-09 11:06:00','2024-03-09 11:06:00'),(250,'default','CMS - Page details updated.','App\\Models\\User',NULL,1,'App\\Models\\User',1,'{\"slug\": \"our-menu\", \"title\": \"Our Menu\"}',NULL,'2024-03-09 11:09:25','2024-03-09 11:09:25'),(251,'default','CMS - Page details updated.','App\\Models\\User',NULL,1,'App\\Models\\User',1,'{\"slug\": \"blog\", \"title\": \"Blog\"}',NULL,'2024-03-09 11:21:03','2024-03-09 11:21:03'),(252,'default','CMS - Page details updated.','App\\Models\\User',NULL,1,'App\\Models\\User',1,'{\"slug\": \"about-us\", \"title\": \"About Us\"}',NULL,'2024-03-12 04:50:45','2024-03-12 04:50:45'),(253,'default','Application Settings / Settings - New settings created.','App\\Models\\User',NULL,1,'App\\Models\\User',1,'{\"field name\": \"Google Site Verification Code\"}',NULL,'2024-03-13 11:38:36','2024-03-13 11:38:36'),(254,'default','CMS - Page details updated.','App\\Models\\User',NULL,1,'App\\Models\\User',1,'{\"slug\": \"about-us\", \"title\": \"About Us\"}',NULL,'2024-03-14 12:32:28','2024-03-14 12:32:28'),(255,'default','CMS - Page details updated.','App\\Models\\User',NULL,1,'App\\Models\\User',1,'{\"slug\": \"our-menu\", \"title\": \"Our Menu\"}',NULL,'2024-03-15 11:03:46','2024-03-15 11:03:46'),(256,'default','CMS - Page details updated.','App\\Models\\User',NULL,1,'App\\Models\\User',1,'{\"slug\": \"about-us\", \"title\": \"About Us\"}',NULL,'2024-03-15 11:03:55','2024-03-15 11:03:55'),(257,'default','CMS - Page details updated.','App\\Models\\User',NULL,1,'App\\Models\\User',1,'{\"slug\": \"contact\", \"title\": \"Contact\"}',NULL,'2024-03-15 11:07:50','2024-03-15 11:07:50'),(258,'default','CMS - Page details updated.','App\\Models\\User',NULL,1,'App\\Models\\User',1,'{\"slug\": \"contact\", \"title\": \"Contact\"}',NULL,'2024-03-15 11:08:03','2024-03-15 11:08:03'),(259,'default','CMS - Page details updated.','App\\Models\\User',NULL,1,'App\\Models\\User',1,'{\"slug\": \"blog\", \"title\": \"Blog\"}',NULL,'2024-03-15 11:08:11','2024-03-15 11:08:11'),(260,'default','CMS - Page details updated.','App\\Models\\User',NULL,1,'App\\Models\\User',1,'{\"slug\": \"blog\", \"title\": \"Blog\"}',NULL,'2024-03-15 11:08:20','2024-03-15 11:08:20'),(261,'default','Application Settings / Settings - New settings created.','App\\Models\\User',NULL,1,'App\\Models\\User',1,'{\"field name\": \"Favicon\"}',NULL,'2024-03-16 12:02:35','2024-03-16 12:02:35'),(262,'default','Application Settings / Settings - New settings created.','App\\Models\\User',NULL,1,'App\\Models\\User',1,'{\"field name\": \"Favicon\"}',NULL,'2024-03-16 12:02:36','2024-03-16 12:02:36'),(263,'default','Application Settings / Settings - Setting details removed.','App\\Models\\User',NULL,1,'App\\Models\\User',1,'{\"field name\": \"Favicon\"}',NULL,'2024-03-16 12:03:05','2024-03-16 12:03:05'),(264,'default','CMS - Page details updated.','App\\Models\\User',NULL,1,'App\\Models\\User',1,'{\"slug\": \"our-menu\", \"title\": \"Our Menu\"}',NULL,'2024-03-19 11:52:13','2024-03-19 11:52:13'),(265,'default','CMS - New page created.','App\\Models\\User',NULL,1,'App\\Models\\User',1,'{\"slug\": \"home\", \"title\": \"Home\"}',NULL,'2024-03-19 11:52:46','2024-03-19 11:52:46'),(266,'default','CMS - Page details updated.','App\\Models\\User',NULL,1,'App\\Models\\User',1,'{\"slug\": \"contact\", \"title\": \"Contact\"}',NULL,'2024-03-19 11:52:54','2024-03-19 11:52:54'),(267,'default','CMS - Page details updated.','App\\Models\\User',NULL,1,'App\\Models\\User',1,'{\"slug\": \"home\", \"title\": \"Home\"}',NULL,'2024-03-19 12:00:46','2024-03-19 12:00:46'),(268,'default','CMS - Page details updated.','App\\Models\\User',NULL,1,'App\\Models\\User',1,'{\"slug\": \"home\", \"title\": \"Home\"}',NULL,'2024-03-19 12:01:29','2024-03-19 12:01:29'),(269,'default','CMS - Page details updated.','App\\Models\\User',NULL,1,'App\\Models\\User',1,'{\"slug\": \"home\", \"title\": \"Home\"}',NULL,'2024-03-19 12:02:18','2024-03-19 12:02:18'),(270,'default','CMS - Page details updated.','App\\Models\\User',NULL,1,'App\\Models\\User',1,'{\"slug\": \"home\", \"title\": \"Home\"}',NULL,'2024-03-19 12:02:18','2024-03-19 12:02:18'),(271,'default','CMS - Page details updated.','App\\Models\\User',NULL,1,'App\\Models\\User',1,'{\"slug\": \"home\", \"title\": \"Home\"}',NULL,'2024-03-20 05:47:13','2024-03-20 05:47:13'),(272,'default','CMS - Page details updated.','App\\Models\\User',NULL,1,'App\\Models\\User',1,'{\"slug\": \"home\", \"title\": \"Home\"}',NULL,'2024-03-29 06:34:04','2024-03-29 06:34:04'),(273,'default','CMS - Page details updated.','App\\Models\\User',NULL,1,'App\\Models\\User',1,'{\"slug\": \"home\", \"title\": \"Home\"}',NULL,'2024-03-30 06:20:07','2024-03-30 06:20:07'),(274,'default','CMS - Page details updated.','App\\Models\\User',NULL,1,'App\\Models\\User',1,'{\"slug\": \"home\", \"title\": \"Home\"}',NULL,'2024-03-30 06:36:26','2024-03-30 06:36:26'),(275,'default','CMS - Page details updated.','App\\Models\\User',NULL,1,'App\\Models\\User',1,'{\"slug\": \"home\", \"title\": \"Home\"}',NULL,'2024-03-30 06:40:46','2024-03-30 06:40:46'),(276,'default','CMS - Page details updated.','App\\Models\\User',NULL,1,'App\\Models\\User',1,'{\"slug\": \"home\", \"title\": \"Home\"}',NULL,'2024-03-30 06:43:13','2024-03-30 06:43:13'),(277,'default','CMS - Page details updated.','App\\Models\\User',NULL,1,'App\\Models\\User',1,'{\"slug\": \"our-menu\", \"title\": \"Our Menu\"}',NULL,'2024-03-30 06:54:35','2024-03-30 06:54:35'),(278,'default','CMS - Page details updated.','App\\Models\\User',NULL,1,'App\\Models\\User',1,'{\"slug\": \"about-us\", \"title\": \"About Us\"}',NULL,'2024-03-30 06:55:31','2024-03-30 06:55:31'),(279,'default','CMS - Page details updated.','App\\Models\\User',NULL,1,'App\\Models\\User',1,'{\"slug\": \"contact\", \"title\": \"Contact\"}',NULL,'2024-03-30 06:56:20','2024-03-30 06:56:20'),(280,'default','CMS - Page details updated.','App\\Models\\User',NULL,1,'App\\Models\\User',1,'{\"slug\": \"blog\", \"title\": \"Blog\"}',NULL,'2024-03-30 06:56:47','2024-03-30 06:56:47'),(281,'default','Clientele -  Clientele name updated.','App\\Models\\User',NULL,1,'App\\Models\\User',1,'{\"image\": \"samosa-2023-11-27-05-12-54-utc-(1)_knjjeqx8u.webp\"}',NULL,'2024-03-30 07:22:57','2024-03-30 07:22:57'),(282,'default','CMS - Page details updated.','App\\Models\\User',NULL,1,'App\\Models\\User',1,'{\"slug\": \"home\", \"title\": \"Home\"}',NULL,'2024-04-16 09:58:58','2024-04-16 09:58:58'),(283,'default','CMS - Page details updated.','App\\Models\\User',NULL,1,'App\\Models\\User',1,'{\"slug\": \"home\", \"title\": \"Home\"}',NULL,'2024-04-16 09:59:44','2024-04-16 09:59:44'),(284,'default','CMS - Page details updated.','App\\Models\\User',NULL,1,'App\\Models\\User',1,'{\"slug\": \"blog\", \"title\": \"Blog\"}',NULL,'2024-04-16 09:59:53','2024-04-16 09:59:53'),(285,'default','CMS - Page details updated.','App\\Models\\User',NULL,1,'App\\Models\\User',1,'{\"slug\": \"contact\", \"title\": \"Contact\"}',NULL,'2024-04-16 10:00:13','2024-04-16 10:00:13'),(286,'default','CMS - Page details updated.','App\\Models\\User',NULL,1,'App\\Models\\User',1,'{\"slug\": \"contact\", \"title\": \"Contact\"}',NULL,'2024-04-16 10:03:04','2024-04-16 10:03:04'),(287,'default','CMS - New page created.','App\\Models\\User',NULL,1,'App\\Models\\User',1,'{\"slug\": \"sitemapxml\", \"title\": \"Sitemap.XML\"}',NULL,'2024-04-16 10:58:13','2024-04-16 10:58:13'),(288,'default','CMS - Page details updated.','App\\Models\\User',NULL,1,'App\\Models\\User',1,'{\"slug\": \"sitemapxml\", \"title\": \"Sitemap.XML\"}',NULL,'2024-04-16 11:10:05','2024-04-16 11:10:05'),(289,'default','CMS - Page details updated.','App\\Models\\User',NULL,1,'App\\Models\\User',1,'{\"slug\": \"blog\", \"title\": \"Blog\"}',NULL,'2024-04-16 11:12:16','2024-04-16 11:12:16'),(290,'default','CMS - Page details updated.','App\\Models\\User',NULL,1,'App\\Models\\User',1,'{\"slug\": \"sitemapxml\", \"title\": \"Sitemap.XML\"}',NULL,'2024-04-17 10:59:44','2024-04-17 10:59:44'),(291,'default','CMS - Page details updated.','App\\Models\\User',NULL,1,'App\\Models\\User',1,'{\"slug\": \"sitemapxml\", \"title\": \"Sitemap.XML\"}',NULL,'2024-04-17 11:07:51','2024-04-17 11:07:51'),(292,'default','CMS - Page details updated.','App\\Models\\User',NULL,1,'App\\Models\\User',1,'{\"slug\": \"sitemapxml\", \"title\": \"Sitemap.XML\"}',NULL,'2024-04-17 11:10:51','2024-04-17 11:10:51'),(293,'default','CMS - Page details updated.','App\\Models\\User',NULL,1,'App\\Models\\User',1,'{\"slug\": \"sitemapxml\", \"title\": \"Sitemap.XML\"}',NULL,'2024-04-17 11:13:17','2024-04-17 11:13:17'),(294,'default','CMS - Page details updated.','App\\Models\\User',NULL,1,'App\\Models\\User',1,'{\"slug\": \"sitemapxml\", \"title\": \"Sitemap.XML\"}',NULL,'2024-04-17 11:13:52','2024-04-17 11:13:52'),(295,'default','CMS - Page details updated.','App\\Models\\User',NULL,1,'App\\Models\\User',1,'{\"slug\": \"sitemapxml\", \"title\": \"Sitemap.XML\"}',NULL,'2024-04-17 11:15:40','2024-04-17 11:15:40'),(296,'default','CMS - Page details updated.','App\\Models\\User',NULL,1,'App\\Models\\User',1,'{\"slug\": \"sitemapxml\", \"title\": \"Sitemap.XML\"}',NULL,'2024-04-17 11:17:11','2024-04-17 11:17:11'),(297,'default','CMS - Page details updated.','App\\Models\\User',NULL,1,'App\\Models\\User',1,'{\"slug\": \"sitemapxml\", \"title\": \"SitemapXML\"}',NULL,'2024-04-17 11:20:46','2024-04-17 11:20:46'),(298,'default','CMS - Page details updated.','App\\Models\\User',NULL,1,'App\\Models\\User',1,'{\"slug\": \"sitemapxml\", \"title\": \"SitemapXML\"}',NULL,'2024-04-17 11:24:46','2024-04-17 11:24:46'),(299,'default','CMS - Page details updated.','App\\Models\\User',NULL,1,'App\\Models\\User',1,'{\"slug\": \"sitemapxml\", \"title\": \"Sitemap.XML\"}',NULL,'2024-04-17 11:26:32','2024-04-17 11:26:32'),(300,'default','CMS - Page details updated.','App\\Models\\User',NULL,1,'App\\Models\\User',1,'{\"slug\": \"sitemapxml\", \"title\": \"Sitemap.XML\"}',NULL,'2024-04-17 11:33:26','2024-04-17 11:33:26'),(301,'default','CMS - Page details updated.','App\\Models\\User',NULL,1,'App\\Models\\User',1,'{\"slug\": \"sitemapxml\", \"title\": \"Sitemap.XML\"}',NULL,'2024-04-17 11:36:58','2024-04-17 11:36:58'),(302,'default','CMS - Page details updated.','App\\Models\\User',NULL,1,'App\\Models\\User',1,'{\"slug\": \"sitemap\", \"title\": \"Sitemap\"}',NULL,'2024-04-17 11:37:38','2024-04-17 11:37:38'),(303,'default','CMS - Page details updated.','App\\Models\\User',NULL,1,'App\\Models\\User',1,'{\"slug\": \"sitemap\", \"title\": \"Sitemap\"}',NULL,'2024-04-17 11:40:52','2024-04-17 11:40:52'),(304,'default','CMS - Page details updated.','App\\Models\\User',NULL,1,'App\\Models\\User',1,'{\"slug\": \"sitemap\", \"title\": \"Sitemap\"}',NULL,'2024-04-17 11:41:23','2024-04-17 11:41:23'),(305,'default','CMS - Page details updated.','App\\Models\\User',NULL,1,'App\\Models\\User',1,'{\"slug\": \"sitemapxml\", \"title\": \"Sitemap.xml\"}',NULL,'2024-04-17 11:42:25','2024-04-17 11:42:25'),(306,'default','CMS - Page details updated.','App\\Models\\User',NULL,1,'App\\Models\\User',1,'{\"slug\": \"about-us\", \"title\": \"About Us\"}',NULL,'2024-04-18 12:23:21','2024-04-18 12:23:21'),(307,'default','CMS - Page details updated.','App\\Models\\User',NULL,1,'App\\Models\\User',1,'{\"slug\": \"about-us\", \"title\": \"About Us\"}',NULL,'2024-04-18 12:23:59','2024-04-18 12:23:59'),(308,'default','CMS - Page details updated.','App\\Models\\User',NULL,1,'App\\Models\\User',1,'{\"slug\": \"home\", \"title\": \"Home\"}',NULL,'2024-04-18 12:25:13','2024-04-18 12:25:13'),(309,'default','Application Settings / Settings - Setting details updated.','App\\Models\\User',NULL,1,'App\\Models\\User',1,'{\"field name\": \"Opening Hours\"}',NULL,'2024-04-29 13:11:29','2024-04-29 13:11:29'),(310,'default','Slider - Slider details updated.','App\\Models\\User',NULL,1,'App\\Models\\User',1,'{\"image\": \"jpeg-optimizer_oma_b7m60bxn4.webp\", \"title\": \"Traditional<span> Indian Food</span> in Omaha\"}',NULL,'2024-05-04 04:39:08','2024-05-04 04:39:08'),(311,'default','Slider - Slider details updated.','App\\Models\\User',NULL,1,'App\\Models\\User',1,'{\"image\": \"oma_1_1044x1044_4_ktgelcsqh.webp\", \"title\": \"Traditional<span> Indian Food</span> in Omaha\"}',NULL,'2024-05-04 04:44:37','2024-05-04 04:44:37'),(312,'default','CMS - Page details updated.','App\\Models\\User',NULL,1,'App\\Models\\User',1,'{\"slug\": \"about-us\", \"title\": \"About Us\"}',NULL,'2024-05-06 06:24:46','2024-05-06 06:24:46'),(313,'default','CMS - Page details updated.','App\\Models\\User',NULL,1,'App\\Models\\User',1,'{\"slug\": \"about-us\", \"title\": \"About Us\"}',NULL,'2024-05-06 06:25:25','2024-05-06 06:25:25'),(314,'default','CMS - Page details updated.','App\\Models\\User',NULL,1,'App\\Models\\User',1,'{\"slug\": \"about-us\", \"title\": \"About Us\"}',NULL,'2024-05-06 06:26:25','2024-05-06 06:26:25'),(315,'default','Slider - Slider details updated.','App\\Models\\User',NULL,1,'App\\Models\\User',1,'{\"image\": \"Group-1099_khh97hcp1-(1)_9tatgw9os.webp\", \"title\": \"Savor <span>Chicken Tikka</span> Masala Magic!\"}',NULL,'2024-05-30 13:16:03','2024-05-30 13:16:03'),(316,'default','Slider - Slider details updated.','App\\Models\\User',NULL,1,'App\\Models\\User',1,'{\"image\": \"Group-1099_khh97hcp1_k5rzcnx8n.webp\", \"title\": \"Savor <span>Chicken Tikka</span> Masala Magic!\"}',NULL,'2024-05-30 13:17:11','2024-05-30 13:17:11'),(317,'default','CMS - Page details updated.','App\\Models\\User',NULL,1,'App\\Models\\User',1,'{\"slug\": \"about-us\", \"title\": \"About Us\"}',NULL,'2024-05-31 09:17:33','2024-05-31 09:17:33'),(318,'default','CMS - New page created.','App\\Models\\User',NULL,1,'App\\Models\\User',1,'{\"slug\": \"catering\", \"title\": \"catering\"}',NULL,'2024-07-30 07:47:10','2024-07-30 07:47:10'),(319,'default','CMS - Page details updated.','App\\Models\\User',NULL,1,'App\\Models\\User',1,'{\"slug\": \"catering\", \"title\": \"catering\"}',NULL,'2024-07-30 07:47:44','2024-07-30 07:47:44'),(320,'default','CMS -Page details removed.','App\\Models\\User',NULL,1,'App\\Models\\User',1,'{\"slug\": \"catering\", \"title\": \"catering\"}',NULL,'2024-07-30 08:44:49','2024-07-30 08:44:49'),(321,'default','CMS - New page created.','App\\Models\\User',NULL,1,'App\\Models\\User',1,'{\"slug\": \"catering\", \"title\": \"Catering\"}',NULL,'2024-07-30 08:54:37','2024-07-30 08:54:37'),(322,'default','Services - New service created.','App\\Models\\User',NULL,1,'App\\Models\\User',1,'{\"title\": \"test\"}',NULL,'2024-07-30 08:55:01','2024-07-30 08:55:01'),(323,'default','Services - Service details removed.','App\\Models\\User',NULL,1,'App\\Models\\User',1,'{\"title\": \"test\"}',NULL,'2024-07-30 08:55:34','2024-07-30 08:55:34'),(324,'default','CMS - Page details updated.','App\\Models\\User',NULL,1,'App\\Models\\User',1,'{\"slug\": \"home\", \"title\": \"Home\"}',NULL,'2024-07-30 10:37:13','2024-07-30 10:37:13'),(325,'default','CMS - Page details updated.','App\\Models\\User',NULL,1,'App\\Models\\User',1,'{\"slug\": \"home\", \"title\": \"Home\"}',NULL,'2024-07-30 10:38:00','2024-07-30 10:38:00'),(326,'default','CMS - Page details updated.','App\\Models\\User',NULL,1,'App\\Models\\User',1,'{\"slug\": \"home\", \"title\": \"Home\"}',NULL,'2024-07-30 10:38:30','2024-07-30 10:38:30'),(327,'default','CMS - Page details updated.','App\\Models\\User',NULL,1,'App\\Models\\User',1,'{\"slug\": \"catering\", \"title\": \"Catering\"}',NULL,'2024-07-30 10:49:51','2024-07-30 10:49:51'),(328,'default','CMS - Page details updated.','App\\Models\\User',NULL,1,'App\\Models\\User',1,'{\"slug\": \"catering\", \"title\": \"Catering\"}',NULL,'2024-07-30 10:50:00','2024-07-30 10:50:00'),(329,'default','Slider - Slider details updated.','App\\Models\\User',NULL,1,'App\\Models\\User',1,'{\"image\": \"thali_8v2xcy2nu.webp\", \"title\": \"Weekend <span> Thalis </span>Await You!\"}',NULL,'2024-08-12 05:20:27','2024-08-12 05:20:27'),(330,'default','Application Settings / Settings - New settings created.','App\\Models\\User',NULL,1,'App\\Models\\User',1,'{\"field name\": \"Og Title\"}',NULL,'2024-11-09 07:42:09','2024-11-09 07:42:09'),(331,'default','Application Settings / Settings - New settings created.','App\\Models\\User',NULL,1,'App\\Models\\User',1,'{\"field name\": \"Og Image\"}',NULL,'2024-11-09 07:42:34','2024-11-09 07:42:34'),(332,'default','Application Settings / Settings - New settings created.','App\\Models\\User',NULL,1,'App\\Models\\User',1,'{\"field name\": \"Og Description\"}',NULL,'2024-11-09 07:43:07','2024-11-09 07:43:07'),(333,'default','Application Settings / Settings - Setting details updated.','App\\Models\\User',NULL,1,'App\\Models\\User',1,'{\"field name\": \"Logo\"}',NULL,'2024-11-09 07:43:23','2024-11-09 07:43:23'),(334,'default','CMS - Page details updated.','App\\Models\\User',NULL,1,'App\\Models\\User',1,'{\"slug\": \"catering\", \"title\": \"Catering\"}',NULL,'2024-11-17 15:27:43','2024-11-17 15:27:43'),(335,'default','CMS - Page details updated.','App\\Models\\User',NULL,1,'App\\Models\\User',1,'{\"slug\": \"catering\", \"title\": \"Catering\"}',NULL,'2024-11-17 15:28:19','2024-11-17 15:28:19'),(336,'default','CMS - Page details updated.','App\\Models\\User',NULL,1,'App\\Models\\User',1,'{\"slug\": \"catering\", \"title\": \"Catering\"}',NULL,'2024-11-18 04:32:37','2024-11-18 04:32:37'),(337,'default','CMS - Page details updated.','App\\Models\\User',NULL,1,'App\\Models\\User',1,'{\"slug\": \"catering\", \"title\": \"Catering\"}',NULL,'2024-11-18 04:35:05','2024-11-18 04:35:05'),(338,'default','CMS - Page details updated.','App\\Models\\User',NULL,1,'App\\Models\\User',1,'{\"slug\": \"catering\", \"title\": \"Catering\"}',NULL,'2024-11-18 04:35:36','2024-11-18 04:35:36'),(339,'default','CMS - Page details updated.','App\\Models\\User',NULL,1,'App\\Models\\User',1,'{\"slug\": \"catering\", \"title\": \"Catering\"}',NULL,'2024-11-18 04:38:48','2024-11-18 04:38:48'),(340,'default','CMS - Page details updated.','App\\Models\\User',NULL,1,'App\\Models\\User',1,'{\"slug\": \"catering\", \"title\": \"Catering\"}',NULL,'2024-11-18 04:45:07','2024-11-18 04:45:07'),(341,'default','CMS - Page details updated.','App\\Models\\User',NULL,1,'App\\Models\\User',1,'{\"slug\": \"catering\", \"title\": \"Catering\"}',NULL,'2024-11-18 04:48:48','2024-11-18 04:48:48'),(342,'default','CMS - Page details updated.','App\\Models\\User',NULL,1,'App\\Models\\User',1,'{\"slug\": \"catering\", \"title\": \"Catering\"}',NULL,'2024-11-18 04:49:42','2024-11-18 04:49:42'),(343,'default','CMS - Page details updated.','App\\Models\\User',NULL,1,'App\\Models\\User',1,'{\"slug\": \"catering\", \"title\": \"Catering\"}',NULL,'2024-11-18 04:51:12','2024-11-18 04:51:12'),(344,'default','CMS - Page details updated.','App\\Models\\User',NULL,1,'App\\Models\\User',1,'{\"slug\": \"catering\", \"title\": \"Catering\"}',NULL,'2024-11-18 04:52:24','2024-11-18 04:52:24'),(345,'default','CMS - Page details updated.','App\\Models\\User',NULL,1,'App\\Models\\User',1,'{\"slug\": \"catering\", \"title\": \"Catering\"}',NULL,'2024-11-18 04:53:19','2024-11-18 04:53:19'),(346,'default','CMS - Page details updated.','App\\Models\\User',NULL,1,'App\\Models\\User',1,'{\"slug\": \"catering\", \"title\": \"Catering\"}',NULL,'2024-11-18 04:54:12','2024-11-18 04:54:12'),(347,'default','CMS - Page details updated.','App\\Models\\User',NULL,1,'App\\Models\\User',1,'{\"slug\": \"catering\", \"title\": \"Catering\"}',NULL,'2024-11-18 04:57:14','2024-11-18 04:57:14'),(348,'default','CMS - Page details updated.','App\\Models\\User',NULL,1,'App\\Models\\User',1,'{\"slug\": \"catering\", \"title\": \"Catering\"}',NULL,'2024-11-18 04:57:51','2024-11-18 04:57:51'),(349,'default','CMS - Page details updated.','App\\Models\\User',NULL,1,'App\\Models\\User',1,'{\"slug\": \"catering\", \"title\": \"Catering\"}',NULL,'2024-11-18 04:58:24','2024-11-18 04:58:24'),(350,'default','CMS - Page details updated.','App\\Models\\User',NULL,1,'App\\Models\\User',1,'{\"slug\": \"catering\", \"title\": \"Catering\"}',NULL,'2024-11-18 05:00:40','2024-11-18 05:00:40'),(351,'default','CMS - Page details updated.','App\\Models\\User',NULL,1,'App\\Models\\User',1,'{\"slug\": \"catering\", \"title\": \"Catering\"}',NULL,'2024-11-18 05:01:15','2024-11-18 05:01:15'),(352,'default','CMS - Page details updated.','App\\Models\\User',NULL,1,'App\\Models\\User',1,'{\"slug\": \"catering\", \"title\": \"Catering\"}',NULL,'2024-11-18 05:02:43','2024-11-18 05:02:43'),(353,'default','CMS - Page details updated.','App\\Models\\User',NULL,1,'App\\Models\\User',1,'{\"slug\": \"catering\", \"title\": \"Catering\"}',NULL,'2024-11-18 05:03:24','2024-11-18 05:03:24'),(354,'default','CMS - Page details updated.','App\\Models\\User',NULL,1,'App\\Models\\User',1,'{\"slug\": \"catering\", \"title\": \"Catering\"}',NULL,'2024-11-18 05:04:53','2024-11-18 05:04:53'),(355,'default','Services - New service created.','App\\Models\\User',NULL,1,'App\\Models\\User',1,'{\"title\": \"catering-menu\"}',NULL,'2024-11-18 07:09:05','2024-11-18 07:09:05'),(356,'default','Services - Service details removed.','App\\Models\\User',NULL,1,'App\\Models\\User',1,'{\"title\": \"catering-menu\"}',NULL,'2024-11-18 07:09:09','2024-11-18 07:09:09'),(357,'default','CMS - Page details updated.','App\\Models\\User',NULL,1,'App\\Models\\User',1,'{\"slug\": \"catering\", \"title\": \"Catering\"}',NULL,'2024-11-18 08:50:51','2024-11-18 08:50:51'),(358,'default','CMS - Page details updated.','App\\Models\\User',NULL,1,'App\\Models\\User',1,'{\"slug\": \"catering\", \"title\": \"Catering\"}',NULL,'2024-11-18 08:52:20','2024-11-18 08:52:20'),(359,'default','CMS - Page details updated.','App\\Models\\User',NULL,1,'App\\Models\\User',1,'{\"slug\": \"catering\", \"title\": \"Catering\"}',NULL,'2024-11-18 08:53:01','2024-11-18 08:53:01'),(360,'default','Services - New service created.','App\\Models\\User',NULL,1,'App\\Models\\User',1,'{\"title\": \"Authentic Indian Flavors\"}',NULL,'2024-11-18 12:31:49','2024-11-18 12:31:49'),(361,'default','Services - New service created.','App\\Models\\User',NULL,1,'App\\Models\\User',1,'{\"title\": \"Customizable Menus\"}',NULL,'2024-11-18 12:36:22','2024-11-18 12:36:22'),(362,'default','Services - New service created.','App\\Models\\User',NULL,1,'App\\Models\\User',1,'{\"title\": \"Impeccable Service\"}',NULL,'2024-11-18 12:38:54','2024-11-18 12:38:54'),(363,'default','Services - New service created.','App\\Models\\User',NULL,1,'App\\Models\\User',1,'{\"title\": \"Stunning Presentation\"}',NULL,'2024-11-18 12:58:01','2024-11-18 12:58:01'),(364,'default','Services - Service details updated.','App\\Models\\User',NULL,1,'App\\Models\\User',1,'{\"title\": \"Stunning Presentation\"}',NULL,'2024-11-18 13:00:00','2024-11-18 13:00:00'),(365,'default','Services - Service details updated.','App\\Models\\User',NULL,1,'App\\Models\\User',1,'{\"title\": \"Stunning Presentation\"}',NULL,'2024-11-18 13:05:08','2024-11-18 13:05:08'),(366,'default','Services - Service details updated.','App\\Models\\User',NULL,1,'App\\Models\\User',1,'{\"title\": \"Impeccable Service\"}',NULL,'2024-11-18 13:07:46','2024-11-18 13:07:46'),(367,'default','Services - New service created.','App\\Models\\User',NULL,1,'App\\Models\\User',1,'{\"title\": \"Different packages available\"}',NULL,'2024-11-18 13:13:09','2024-11-18 13:13:09'),(368,'default','Service Categories - Category details updated.','App\\Models\\User',NULL,1,'App\\Models\\User',1,'{\"name\": \"Catering Services\"}',NULL,'2024-11-18 13:15:00','2024-11-18 13:15:00'),(369,'default','Services - Service details updated.','App\\Models\\User',NULL,1,'App\\Models\\User',1,'{\"title\": \"Customizable Menus\"}',NULL,'2024-11-18 13:29:54','2024-11-18 13:29:54'),(370,'default','Services - Service details updated.','App\\Models\\User',NULL,1,'App\\Models\\User',1,'{\"title\": \"Authentic Indian Flavors\"}',NULL,'2024-11-18 13:31:59','2024-11-18 13:31:59'),(371,'default','Service Categories - Category details updated.','App\\Models\\User',NULL,1,'App\\Models\\User',1,'{\"name\": \"Catering Services\"}',NULL,'2024-11-19 04:47:21','2024-11-19 04:47:21'),(372,'default','Services - New service created.','App\\Models\\User',NULL,1,'App\\Models\\User',1,'{\"title\": \"Corporate Events\"}',NULL,'2024-11-19 06:22:16','2024-11-19 06:22:16'),(373,'default','Services - Service details updated.','App\\Models\\User',NULL,1,'App\\Models\\User',1,'{\"title\": \"Corporate Events\"}',NULL,'2024-11-19 06:22:46','2024-11-19 06:22:46'),(374,'default','Application Settings / Settings - New settings created.','App\\Models\\User',NULL,1,'App\\Models\\User',1,'{\"field name\": \"catering-faq-content\"}',NULL,'2024-11-19 06:28:10','2024-11-19 06:28:10'),(375,'default','CMS - Page details updated.','App\\Models\\User',NULL,1,'App\\Models\\User',1,'{\"slug\": \"catering\", \"title\": \"Catering\"}',NULL,'2024-11-22 03:36:35','2024-11-22 03:36:35'),(376,'default','CMS - Page details updated.','App\\Models\\User',NULL,1,'App\\Models\\User',1,'{\"slug\": \"catering\", \"title\": \"Catering\"}',NULL,'2024-11-22 04:49:04','2024-11-22 04:49:04'),(377,'default','Services - Service details updated.','App\\Models\\User',NULL,1,'App\\Models\\User',1,'{\"title\": \"Corporate Events\"}',NULL,'2024-11-23 13:48:12','2024-11-23 13:48:12'),(378,'default','Services - New service created.','App\\Models\\User',NULL,1,'App\\Models\\User',1,'{\"title\": \"Weddings\"}',NULL,'2024-11-23 13:52:00','2024-11-23 13:52:00'),(379,'default','Services - Service details updated.','App\\Models\\User',NULL,1,'App\\Models\\User',1,'{\"title\": \"Weddings\"}',NULL,'2024-11-23 14:08:32','2024-11-23 14:08:32'),(380,'default','Services - New service created.','App\\Models\\User',NULL,1,'App\\Models\\User',1,'{\"title\": \"Private Parties\"}',NULL,'2024-11-24 06:42:22','2024-11-24 06:42:22'),(381,'default','Services - Service details updated.','App\\Models\\User',NULL,1,'App\\Models\\User',1,'{\"title\": \"Private Parties\"}',NULL,'2024-11-24 06:43:30','2024-11-24 06:43:30'),(382,'default','Services - Service details updated.','App\\Models\\User',NULL,1,'App\\Models\\User',1,'{\"title\": \"Private Parties\"}',NULL,'2024-11-24 06:46:05','2024-11-24 06:46:05'),(383,'default','Services - Service details updated.','App\\Models\\User',NULL,1,'App\\Models\\User',1,'{\"title\": \"Private Parties\"}',NULL,'2024-11-24 06:47:10','2024-11-24 06:47:10'),(384,'default','Services - Service details updated.','App\\Models\\User',NULL,1,'App\\Models\\User',1,'{\"title\": \"Corporate Events\"}',NULL,'2024-11-24 06:49:21','2024-11-24 06:49:21'),(385,'default','Services - Service details updated.','App\\Models\\User',NULL,1,'App\\Models\\User',1,'{\"title\": \"Weddings\"}',NULL,'2024-11-24 06:50:19','2024-11-24 06:50:19'),(386,'default','Services - Service details updated.','App\\Models\\User',NULL,1,'App\\Models\\User',1,'{\"title\": \"Private Parties\"}',NULL,'2024-11-24 06:50:55','2024-11-24 06:50:55'),(387,'default','Services - Service details updated.','App\\Models\\User',NULL,1,'App\\Models\\User',1,'{\"title\": \"Birthday Parties\"}',NULL,'2024-11-24 06:51:49','2024-11-24 06:51:49'),(388,'default','Services - New service created.','App\\Models\\User',NULL,1,'App\\Models\\User',1,'{\"title\": \"Private Parties\"}',NULL,'2024-11-24 07:06:13','2024-11-24 07:06:13'),(389,'default','Services - Service details updated.','App\\Models\\User',NULL,1,'App\\Models\\User',1,'{\"title\": \"Birthday Parties\"}',NULL,'2024-11-24 07:33:05','2024-11-24 07:33:05'),(390,'default','Services - Service details updated.','App\\Models\\User',NULL,1,'App\\Models\\User',1,'{\"title\": \"Private Parties\"}',NULL,'2024-11-24 07:34:52','2024-11-24 07:34:52'),(391,'default','Services - Service details updated.','App\\Models\\User',NULL,1,'App\\Models\\User',1,'{\"title\": \"Private Parties\"}',NULL,'2024-11-24 07:49:42','2024-11-24 07:49:42'),(392,'default','Services - Service details updated.','App\\Models\\User',NULL,1,'App\\Models\\User',1,'{\"title\": \"Private Parties\"}',NULL,'2024-11-24 07:50:52','2024-11-24 07:50:52'),(393,'default','CMS - Page details updated.','App\\Models\\User',NULL,1,'App\\Models\\User',1,'{\"slug\": \"blog\", \"title\": \"Blog\"}',NULL,'2024-11-24 08:08:00','2024-11-24 08:08:00'),(394,'default','Application Settings / Settings - New settings created.','App\\Models\\User',NULL,1,'App\\Models\\User',1,'{\"field name\": \"catering-success-message\"}',NULL,'2024-11-26 06:04:21','2024-11-26 06:04:21'),(395,'default','Application Settings / Settings - Setting details updated.','App\\Models\\User',NULL,1,'App\\Models\\User',1,'{\"field name\": \"catering-success-message\"}',NULL,'2024-11-26 06:06:32','2024-11-26 06:06:32'),(396,'default','CMS - New page created.','App\\Models\\User',NULL,1,'App\\Models\\User',1,'{\"slug\": \"order-online\", \"title\": \"order online\"}',NULL,'2024-11-28 13:38:41','2024-11-28 13:38:41'),(397,'default','CMS - Page details updated.','App\\Models\\User',NULL,1,'App\\Models\\User',1,'{\"slug\": \"order-online\", \"title\": \"order online\"}',NULL,'2024-11-28 13:50:58','2024-11-28 13:50:58'),(398,'default','CMS - Page details updated.','App\\Models\\User',NULL,1,'App\\Models\\User',1,'{\"slug\": \"order-online\", \"title\": \"order online\"}',NULL,'2024-11-28 13:51:35','2024-11-28 13:51:35'),(399,'default','CMS - Page details updated.','App\\Models\\User',NULL,1,'App\\Models\\User',1,'{\"slug\": \"order-online\", \"title\": \"order online\"}',NULL,'2024-11-28 13:52:00','2024-11-28 13:52:00'),(400,'default','CMS - Page details updated.','App\\Models\\User',NULL,1,'App\\Models\\User',1,'{\"slug\": \"order-online\", \"title\": \"order online\"}',NULL,'2024-11-28 13:52:34','2024-11-28 13:52:34'),(401,'default','CMS - Page details updated.','App\\Models\\User',NULL,1,'App\\Models\\User',1,'{\"slug\": \"catering\", \"title\": \"Catering\"}',NULL,'2024-12-09 11:13:53','2024-12-09 11:13:53'),(402,'default','CMS - Page details updated.','App\\Models\\User',NULL,1,'App\\Models\\User',1,'{\"slug\": \"catering\", \"title\": \"Catering\"}',NULL,'2024-12-09 12:47:41','2024-12-09 12:47:41'),(403,'default','CMS - Page details updated.','App\\Models\\User',NULL,1,'App\\Models\\User',1,'{\"slug\": \"about-us\", \"title\": \"About Us\"}',NULL,'2024-12-10 07:27:54','2024-12-10 07:27:54'),(404,'default','CMS - Page details updated.','App\\Models\\User',NULL,1,'App\\Models\\User',1,'{\"slug\": \"catering\", \"title\": \"Catering\"}',NULL,'2024-12-10 09:30:05','2024-12-10 09:30:05'),(405,'default','Application Settings / Settings - New settings created.','App\\Models\\User',NULL,1,'App\\Models\\User',1,'{\"field name\": \"catering-button-text\"}',NULL,'2024-12-11 07:21:49','2024-12-11 07:21:49'),(406,'default','CMS - Page details updated.','App\\Models\\User',NULL,1,'App\\Models\\User',1,'{\"slug\": \"about-us\", \"title\": \"About Us\"}',NULL,'2024-12-11 08:35:09','2024-12-11 08:35:09'),(407,'default','CMS - Page details updated.','App\\Models\\User',NULL,1,'App\\Models\\User',1,'{\"slug\": \"about-us\", \"title\": \"About Us\"}',NULL,'2024-12-11 08:36:04','2024-12-11 08:36:04'),(408,'default','CMS - Page details updated.','App\\Models\\User',NULL,1,'App\\Models\\User',1,'{\"slug\": \"about-us\", \"title\": \"About Us\"}',NULL,'2024-12-11 09:28:56','2024-12-11 09:28:56'),(409,'default','CMS - Page details updated.','App\\Models\\User',NULL,1,'App\\Models\\User',1,'{\"slug\": \"about-us\", \"title\": \"About Us\"}',NULL,'2024-12-11 09:31:30','2024-12-11 09:31:30'),(410,'default','CMS - Page details updated.','App\\Models\\User',NULL,1,'App\\Models\\User',1,'{\"slug\": \"about-us\", \"title\": \"About Us\"}',NULL,'2024-12-11 09:38:44','2024-12-11 09:38:44'),(411,'default','CMS - Page details updated.','App\\Models\\User',NULL,1,'App\\Models\\User',1,'{\"slug\": \"about-us\", \"title\": \"About Us\"}',NULL,'2024-12-11 11:32:26','2024-12-11 11:32:26'),(412,'default','CMS - Page details updated.','App\\Models\\User',NULL,1,'App\\Models\\User',1,'{\"slug\": \"about-us\", \"title\": \"About Us\"}',NULL,'2024-12-12 06:17:50','2024-12-12 06:17:50'),(413,'default','CMS - Page details updated.','App\\Models\\User',NULL,1,'App\\Models\\User',1,'{\"slug\": \"about-us\", \"title\": \"About Us\"}',NULL,'2024-12-12 06:21:46','2024-12-12 06:21:46'),(414,'default','Application Settings / Settings - New settings created.','App\\Models\\User',NULL,1,'App\\Models\\User',1,'{\"field name\": \"external blog btn text\"}',NULL,'2024-12-23 13:17:07','2024-12-23 13:17:07'),(415,'default','CMS - New page created.','App\\Models\\User',NULL,1,'App\\Models\\User',1,'{\"slug\": \"our-blogs\", \"title\": \"our-blogs\"}',NULL,'2024-12-24 07:41:12','2024-12-24 07:41:12'),(416,'default','CMS - Page details updated.','App\\Models\\User',NULL,1,'App\\Models\\User',1,'{\"slug\": \"our-blogs\", \"title\": \"Our Blogs\"}',NULL,'2024-12-24 07:42:00','2024-12-24 07:42:00'),(417,'default','CMS - New page created.','App\\Models\\User',NULL,1,'App\\Models\\User',1,'{\"slug\": \"external-blogs\", \"title\": \"External blogs\"}',NULL,'2024-12-24 07:43:05','2024-12-24 07:43:05'),(418,'default','CMS - Page details updated.','App\\Models\\User',NULL,1,'App\\Models\\User',1,'{\"slug\": \"other-blogs\", \"title\": \"Other Blogs\"}',NULL,'2024-12-24 07:44:17','2024-12-24 07:44:17'),(419,'default','Clientele - New Clientele created.','App\\Models\\User',NULL,1,'App\\Models\\User',1,'{\"image\": \"Lozafina---Premier-Branding,-Marketing,-and-PR-Agency-in-Omaha_1vc64esxv.html\"}',NULL,'2024-12-26 06:54:25','2024-12-26 06:54:25'),(420,'default','Clientele -  Clientele name updated.','App\\Models\\User',NULL,1,'App\\Models\\User',1,'{\"image\": \"Lozafina---Premier-Branding,-Marketing,-and-PR-Agency-in-Omaha_1vc64esxv.html\"}',NULL,'2024-12-26 06:59:53','2024-12-26 06:59:53'),(421,'default','Clientele -  Clientele name updated.','App\\Models\\User',NULL,1,'App\\Models\\User',1,'{\"image\": \"\"}',NULL,'2024-12-26 11:17:18','2024-12-26 11:17:18'),(422,'default','Clientele -  Clientele name updated.','App\\Models\\User',NULL,1,'App\\Models\\User',1,'{\"image\": \"service_3_i8xfm94bm.png\"}',NULL,'2024-12-26 11:17:31','2024-12-26 11:17:31'),(423,'default','Clientele -  Clientele name updated.','App\\Models\\User',NULL,1,'App\\Models\\User',1,'{\"image\": null}',NULL,'2024-12-26 11:17:42','2024-12-26 11:17:42'),(424,'default','Clientele -  Clientele name updated.','App\\Models\\User',NULL,1,'App\\Models\\User',1,'{\"image\": \"Screenshot-2024-12-26-at-11.18.07-AM_45e9mokow.png\"}',NULL,'2024-12-26 11:38:23','2024-12-26 11:38:23'),(425,'default','Clientele -  Clientele name updated.','App\\Models\\User',NULL,1,'App\\Models\\User',1,'{\"image\": null}',NULL,'2024-12-26 11:38:53','2024-12-26 11:38:53'),(426,'default','Clientele -  Clientele name updated.','App\\Models\\User',NULL,1,'App\\Models\\User',1,'{\"image\": null}',NULL,'2024-12-28 11:43:31','2024-12-28 11:43:31'),(427,'default','CMS - Page details updated.','App\\Models\\User',NULL,1,'App\\Models\\User',1,'{\"slug\": \"our-blogs\", \"title\": \"Our Blogs\"}',NULL,'2024-12-28 11:57:16','2024-12-28 11:57:16'),(428,'default','CMS - Page details updated.','App\\Models\\User',NULL,1,'App\\Models\\User',1,'{\"slug\": \"other-blogs\", \"title\": \"Other Blogs\"}',NULL,'2024-12-28 11:57:38','2024-12-28 11:57:38'),(429,'default','CMS - Page details updated.','App\\Models\\User',NULL,1,'App\\Models\\User',1,'{\"slug\": \"blog\", \"title\": \"Blog\"}',NULL,'2024-12-28 12:00:42','2024-12-28 12:00:42'),(430,'default','CMS - Page details updated.','App\\Models\\User',NULL,1,'App\\Models\\User',1,'{\"slug\": \"other-blogs\", \"title\": \"Other Blogs\"}',NULL,'2024-12-28 12:08:57','2024-12-28 12:08:57'),(431,'default','Clientele -  Clientele name updated.','App\\Models\\User',NULL,1,'App\\Models\\User',1,'{\"image\": null}',NULL,'2024-12-30 05:07:33','2024-12-30 05:07:33'),(432,'default','CMS - Page details updated.','App\\Models\\User',NULL,1,'App\\Models\\User',1,'{\"slug\": \"our-blogs\", \"title\": \"Our Blogs\"}',NULL,'2024-12-30 07:00:27','2024-12-30 07:00:27'),(433,'default','CMS - Page details updated.','App\\Models\\User',NULL,1,'App\\Models\\User',1,'{\"slug\": \"other-blogs\", \"title\": \"Other Blogs\"}',NULL,'2024-12-30 07:00:52','2024-12-30 07:00:52'),(434,'default','Clientele -  Clientele name updated.','App\\Models\\User',NULL,1,'App\\Models\\User',1,'{\"image\": null}',NULL,'2024-12-30 09:36:52','2024-12-30 09:36:52'),(435,'default','Clientele -  Clientele name updated.','App\\Models\\User',NULL,1,'App\\Models\\User',1,'{\"image\": null}',NULL,'2024-12-30 09:44:40','2024-12-30 09:44:40'),(436,'default','CMS - Page details updated.','App\\Models\\User',NULL,1,'App\\Models\\User',1,'{\"slug\": \"other-blogs\", \"title\": \"Other Blogs\"}',NULL,'2024-12-30 09:51:34','2024-12-30 09:51:34'),(437,'default','CMS - Page details updated.','App\\Models\\User',NULL,1,'App\\Models\\User',1,'{\"slug\": \"other-blogs\", \"title\": \"Other Blogs\"}',NULL,'2024-12-30 09:51:43','2024-12-30 09:51:43'),(438,'default','CMS - Page details updated.','App\\Models\\User',NULL,1,'App\\Models\\User',1,'{\"slug\": \"our-blogs\", \"title\": \"Our Blogs\"}',NULL,'2024-12-30 09:56:53','2024-12-30 09:56:53'),(439,'default','CMS - Page details updated.','App\\Models\\User',NULL,1,'App\\Models\\User',1,'{\"slug\": \"our-blogs\", \"title\": \"Our Blogs\"}',NULL,'2024-12-30 09:59:57','2024-12-30 09:59:57'),(440,'default','CMS - Page details updated.','App\\Models\\User',NULL,1,'App\\Models\\User',1,'{\"slug\": \"our-menu\", \"title\": \"Our Menu\"}',NULL,'2024-12-30 10:00:11','2024-12-30 10:00:11'),(441,'default','User Management / Users - User details updated.','App\\Models\\User',NULL,1,'App\\Models\\User',1,'{\"name\": \"F9 Admin\", \"email\": \"developer@f9tech.com\"}',NULL,'2024-12-31 11:06:30','2024-12-31 11:06:30'),(442,'default','User Management / Users - User password changed.','App\\Models\\User',NULL,1,'App\\Models\\User',1,'{\"name\": \"F9 Admin\", \"email\": \"developer@f9tech.com\"}',NULL,'2025-01-01 04:12:40','2025-01-01 04:12:40'),(443,'default','CMS - Page details updated.','App\\Models\\User',NULL,1,'App\\Models\\User',1,'{\"slug\": \"blog\", \"title\": \"Blog\"}',NULL,'2025-01-10 07:28:16','2025-01-10 07:28:16'),(444,'default','CMS -Page details removed.','App\\Models\\User',NULL,1,'App\\Models\\User',1,'{\"slug\": \"our-blogs\", \"title\": \"Our Blogs\"}',NULL,'2025-01-10 08:05:57','2025-01-10 08:05:57'),(445,'default','CMS -Page details removed.','App\\Models\\User',NULL,1,'App\\Models\\User',1,'{\"slug\": \"other-blogs\", \"title\": \"Other Blogs\"}',NULL,'2025-01-10 08:06:01','2025-01-10 08:06:01'),(446,'default','User Management / Roles - New role created.','App\\Models\\User',NULL,1,'App\\Models\\User',1,'{\"name\": \"Menu\"}',NULL,'2025-02-21 11:24:48','2025-02-21 11:24:48'),(447,'default','User Management / Users - New user created.','App\\Models\\User',NULL,1,'App\\Models\\User',1,'{\"name\": \"Aravind\", \"email\": \"aravind@f9.com\"}',NULL,'2025-02-21 11:26:26','2025-02-21 11:26:26'),(448,'default','User Management / Users - New user created.','App\\Models\\User',NULL,1,'App\\Models\\User',1,'{\"name\": \"Asreetha\", \"email\": \"asreetha@admin.com\"}',NULL,'2025-02-22 11:17:32','2025-02-22 11:17:32'),(449,'default','User Management / Users - New user created.','App\\Models\\User',NULL,1,'App\\Models\\User',1,'{\"name\": \"Lakshmi\", \"email\": \"lakshmi@admin.com\"}',NULL,'2025-02-22 11:18:56','2025-02-22 11:18:56'),(450,'default','User Management / Users - User details removed.','App\\Models\\User',NULL,1,'App\\Models\\User',1,'{\"name\": \"Aravind\", \"email\": \"aravind@f9.com\"}',NULL,'2025-05-20 10:08:43','2025-05-20 10:08:43'),(451,'default','User Management / Users - User details removed.','App\\Models\\User',NULL,1,'App\\Models\\User',1,'{\"name\": \"Asreetha\", \"email\": \"asreetha@admin.com\"}',NULL,'2025-05-20 10:08:46','2025-05-20 10:08:46'),(452,'default','User Management / Users - User details removed.','App\\Models\\User',NULL,1,'App\\Models\\User',1,'{\"name\": \"Lakshmi\", \"email\": \"lakshmi@admin.com\"}',NULL,'2025-05-20 10:08:50','2025-05-20 10:08:50'),(453,'default','User Management / Roles - New role created.','App\\Models\\User',NULL,1,'App\\Models\\User',1,'{\"name\": \"Super Admin\"}',NULL,'2025-05-20 10:10:42','2025-05-20 10:10:42'),(454,'default','User Management / Users - New user created.','App\\Models\\User',NULL,1,'App\\Models\\User',1,'{\"name\": \"Maharaja Super Admin\", \"email\": \"maharaja@superadmin.com\"}',NULL,'2025-05-20 10:11:43','2025-05-20 10:11:43'),(455,'default','Slider - New slider created.','App\\Models\\User',NULL,1,'App\\Models\\User',1,'{\"image\": \"Untitled-design-(6)_trs2yn6fm.png\", \"title\": \"test\"}',NULL,'2025-06-10 15:48:43','2025-06-10 15:48:43'),(456,'default','Slider - Slider details updated.','App\\Models\\User',NULL,1,'App\\Models\\User',1,'{\"image\": \"Untitled-design-(7)_4r0y91fz8.png\", \"title\": \"test\"}',NULL,'2025-06-10 15:53:04','2025-06-10 15:53:04'),(457,'default','Slider - Slider details updated.','App\\Models\\User',NULL,1,'App\\Models\\User',1,'{\"image\": \"Untitled-design-(7)_4r0y91fz8.png\", \"title\": \"Celebrating Father\'s day\"}',NULL,'2025-06-10 15:55:44','2025-06-10 15:55:44'),(458,'default','Slider - Slider details updated.','App\\Models\\User',NULL,1,'App\\Models\\User',1,'{\"image\": \"Untitled-design-(7)_4r0y91fz8.png\", \"title\": \"Celebrating Father\'s day\"}',NULL,'2025-06-10 15:56:19','2025-06-10 15:56:19'),(459,'default','Slider - Slider details updated.','App\\Models\\User',NULL,1,'App\\Models\\User',1,'{\"image\": \"Untitled-design-(7)_4r0y91fz8.png\", \"title\": \"Celebrating<span> Father\'s day</span> in Omaha\"}',NULL,'2025-06-10 15:57:03','2025-06-10 15:57:03'),(460,'default','Slider - Slider details updated.','App\\Models\\User',NULL,1,'App\\Models\\User',1,'{\"image\": \"Untitled-design-(7)_4r0y91fz8.png\", \"title\": \"Celebrating<span> Father\'s day</span> in Omaha\"}',NULL,'2025-06-10 15:58:31','2025-06-10 15:58:31'),(461,'default','Slider - Slider details updated.','App\\Models\\User',NULL,1,'App\\Models\\User',1,'{\"image\": \"Untitled-design-(7)_4r0y91fz8.png\", \"title\": \"Celebrating<span> Father\'s day</span> in Omaha\"}',NULL,'2025-06-10 16:00:20','2025-06-10 16:00:20'),(462,'default','Slider - Slider details updated.','App\\Models\\User',NULL,1,'App\\Models\\User',1,'{\"image\": \"Untitled-design-(7)_4r0y91fz8.png\", \"title\": \"Make<span> Father\'s day</span>Deliciously Memorable\"}',NULL,'2025-06-10 19:58:10','2025-06-10 19:58:10'),(463,'default','Slider - Slider details updated.','App\\Models\\User',NULL,1,'App\\Models\\User',1,'{\"image\": \"Untitled-design-(7)_4r0y91fz8.png\", \"title\": \"Make this <span> Father\'s day</span>Deliciously Memorable\"}',NULL,'2025-06-10 19:58:53','2025-06-10 19:58:53'),(464,'default','Slider - Slider details updated.','App\\Models\\User',NULL,1,'App\\Models\\User',1,'{\"image\": \"Untitled-design-(7)_4r0y91fz8.png\", \"title\": \"Turn this <span> Father\'s day into</span> a Delicious Memory\"}',NULL,'2025-06-10 20:00:47','2025-06-10 20:00:47'),(465,'default','Slider - Slider details updated.','App\\Models\\User',NULL,1,'App\\Models\\User',1,'{\"image\": \"Untitled-design-(7)_4r0y91fz8.png\", \"title\": \"<span>Turn Father\'s day</span> into a Royal Feast\"}',NULL,'2025-06-10 20:03:21','2025-06-10 20:03:21'),(466,'default','Slider - Slider details updated.','App\\Models\\User',NULL,1,'App\\Models\\User',1,'{\"image\": \"Untitled-design-(7)_4r0y91fz8.png\", \"title\": \"<span>Turn Father\'s Day</span> into a Royal Feast\"}',NULL,'2025-06-10 20:04:04','2025-06-10 20:04:04'),(467,'default','Slider - Slider details updated.','App\\Models\\User',NULL,1,'App\\Models\\User',1,'{\"image\": \"Untitled-design-(7)_4r0y91fz8.png\", \"title\": \"Turn this <span> Father\'s Day</span> into a Royal Feast\"}',NULL,'2025-06-10 20:04:41','2025-06-10 20:04:41'),(468,'default','Slider - Slider details updated.','App\\Models\\User',NULL,1,'App\\Models\\User',1,'{\"image\": \"Untitled-design-(7)_4r0y91fz8.png\", \"title\": \"Turn this <span> Father\'s Day</span> into a Royal Feast\"}',NULL,'2025-06-10 20:05:06','2025-06-10 20:05:06'),(469,'default','Slider - Slider details updated.','App\\Models\\User',NULL,1,'App\\Models\\User',1,'{\"image\": \"Untitled-design-(7)_4r0y91fz8.png\", \"title\": \"Turn this <span> Father\'s Day</span> into a Royal Feast\"}',NULL,'2025-06-10 20:06:21','2025-06-10 20:06:21'),(470,'default','Slider - Slider details updated.','App\\Models\\User',NULL,1,'App\\Models\\User',1,'{\"image\": \"Untitled-design-(7)_4r0y91fz8.png\", \"title\": \"Turn this <span> Father\'s Day</span> into a Royal Feast\"}',NULL,'2025-06-10 20:08:04','2025-06-10 20:08:04'),(471,'default','Slider - Slider details updated.','App\\Models\\User',NULL,1,'App\\Models\\User',1,'{\"image\": \"Untitled-design-(7)_4r0y91fz8.png\", \"title\": \"Turn this <span> Father\'s Day</span> into a Royal Feast\"}',NULL,'2025-06-10 20:08:57','2025-06-10 20:08:57'),(472,'default','Clientele - New Clientele created.','App\\Models\\User',NULL,1,'App\\Models\\User',1,'{\"image\": null}',NULL,'2025-06-29 09:18:31','2025-06-29 09:18:31'),(473,'default','CMS - Page details updated.','App\\Models\\User',NULL,1,'App\\Models\\User',1,'{\"slug\": \"about-us\", \"title\": \"About Us\"}',NULL,'2025-06-30 05:57:43','2025-06-30 05:57:43'),(474,'default','User Management / Users - New user created.','App\\Models\\User',NULL,1,'App\\Models\\User',1,'{\"name\": \"kavya\", \"email\": \"kavya@gmail.com\"}',NULL,'2025-06-30 06:53:34','2025-06-30 06:53:34'),(475,'default','CMS - Page details updated.','App\\Models\\User',NULL,7,'App\\Models\\User',7,'{\"slug\": \"home\", \"title\": \"Home\"}',NULL,'2025-08-18 11:28:42','2025-08-18 11:28:42'),(476,'default','CMS - Page details updated.','App\\Models\\User',NULL,7,'App\\Models\\User',7,'{\"slug\": \"about-us\", \"title\": \"About Us\"}',NULL,'2025-08-18 11:30:49','2025-08-18 11:30:49'),(477,'default','CMS - Page details updated.','App\\Models\\User',NULL,7,'App\\Models\\User',7,'{\"slug\": \"our-menu\", \"title\": \"Our Menu\"}',NULL,'2025-08-18 11:32:59','2025-08-18 11:32:59'),(478,'default','CMS - Page details updated.','App\\Models\\User',NULL,7,'App\\Models\\User',7,'{\"slug\": \"catering\", \"title\": \"Catering\"}',NULL,'2025-08-18 11:37:15','2025-08-18 11:37:15'),(479,'default','CMS - Page details updated.','App\\Models\\User',NULL,7,'App\\Models\\User',7,'{\"slug\": \"contact\", \"title\": \"Contact\"}',NULL,'2025-08-18 11:38:13','2025-08-18 11:38:13'),(480,'default','CMS - Page details updated.','App\\Models\\User',NULL,7,'App\\Models\\User',7,'{\"slug\": \"blog\", \"title\": \"Blog\"}',NULL,'2025-08-18 11:41:26','2025-08-18 11:41:26'),(481,'default','CMS - Page details updated.','App\\Models\\User',NULL,7,'App\\Models\\User',7,'{\"slug\": \"blog\", \"title\": \"Blog\"}',NULL,'2025-08-18 11:41:43','2025-08-18 11:41:43'),(482,'default','CMS - Page details updated.','App\\Models\\User',NULL,7,'App\\Models\\User',7,'{\"slug\": \"order-online\", \"title\": \"order online\"}',NULL,'2025-08-18 11:43:05','2025-08-18 11:43:05'),(483,'default','CMS - Page details updated.','App\\Models\\User',NULL,7,'App\\Models\\User',7,'{\"slug\": \"sitemapxml\", \"title\": \"Sitemap.xml\"}',NULL,'2025-08-18 11:43:47','2025-08-18 11:43:47'),(484,'default','Slider - Slider details updated.','App\\Models\\User',NULL,1,'App\\Models\\User',1,'{\"image\": \"b1_fy1xyo6kr.png\", \"title\": \"Traditional<span> Indian Food</span> in Omaha\"}',NULL,'2025-10-04 18:10:25','2025-10-04 18:10:25'),(485,'default','Slider - Slider details updated.','App\\Models\\User',NULL,1,'App\\Models\\User',1,'{\"image\": \"b1f_ivsrvsalr.png\", \"title\": \"Traditional<span> Indian Food</span> in Omaha\"}',NULL,'2025-10-04 18:12:38','2025-10-04 18:12:38'),(486,'default','Slider - Slider details updated.','App\\Models\\User',NULL,1,'App\\Models\\User',1,'{\"image\": \"b1f-(2)_lb2y9wkw3.png\", \"title\": \"Traditional<span> Indian Food</span> in Omaha\"}',NULL,'2025-10-04 18:14:08','2025-10-04 18:14:08'),(487,'default','Slider - Slider details updated.','App\\Models\\User',NULL,1,'App\\Models\\User',1,'{\"image\": \"b2f_9xb4xwbar.png\", \"title\": \"Savor <span>Chicken Tikka</span> Masala Magic!\"}',NULL,'2025-10-04 18:53:53','2025-10-04 18:53:53'),(488,'default','Slider - Slider details updated.','App\\Models\\User',NULL,1,'App\\Models\\User',1,'{\"image\": \"b3f_14yfobrkq.png\", \"title\": \"Raise <span>The Bar</span>on Savings!\"}',NULL,'2025-10-04 18:54:06','2025-10-04 18:54:06'),(489,'default','Slider - Slider details updated.','App\\Models\\User',NULL,1,'App\\Models\\User',1,'{\"image\": \"b3f-(1)_9bo1uzk7r.png\", \"title\": \"Quick & Tasty <span>Takeaway</span> Delights!\"}',NULL,'2025-10-04 19:46:55','2025-10-04 19:46:55'),(490,'default','Slider - Slider details updated.','App\\Models\\User',NULL,1,'App\\Models\\User',1,'{\"image\": \"b4f_5lvwb75o8.png\", \"title\": \"Quick & Tasty <span>Takeaway</span> Delights!\"}',NULL,'2025-10-04 19:53:40','2025-10-04 19:53:40'),(491,'default','Slider - Slider details updated.','App\\Models\\User',NULL,1,'App\\Models\\User',1,'{\"image\": \"b3f-(1)_rc0p1jxmm.png\", \"title\": \"Raise <span>The Bar</span>on Savings!\"}',NULL,'2025-10-04 19:54:06','2025-10-04 19:54:06'),(492,'default','Slider - Slider details updated.','App\\Models\\User',NULL,1,'App\\Models\\User',1,'{\"image\": \"b4f_5lvwb75o8.png\", \"title\": \"Quick & Tasty <span>Takeaway</span> Delights!\"}',NULL,'2025-10-04 22:36:35','2025-10-04 22:36:35'),(493,'default','CMS - Page details updated.','App\\Models\\User',NULL,1,'App\\Models\\User',1,'{\"slug\": \"about-us\", \"title\": \"About Us\"}',NULL,'2025-10-04 22:38:33','2025-10-04 22:38:33'),(494,'default','CMS - New page created.','App\\Models\\User',NULL,1,'App\\Models\\User',1,'{\"slug\": \"qr\", \"title\": \"QR\"}',NULL,'2026-01-13 18:07:48','2026-01-13 18:07:48'),(495,'default','CMS - Page details updated.','App\\Models\\User',NULL,1,'App\\Models\\User',1,'{\"slug\": \"qr\", \"title\": \"QR\"}',NULL,'2026-01-13 18:09:21','2026-01-13 18:09:21'),(496,'default','CMS - Page details updated.','App\\Models\\User',NULL,1,'App\\Models\\User',1,'{\"slug\": \"qr\", \"title\": \"QR\"}',NULL,'2026-01-13 18:09:32','2026-01-13 18:09:32'),(497,'default','CMS - Page details updated.','App\\Models\\User',NULL,1,'App\\Models\\User',1,'{\"slug\": \"qr\", \"title\": \"QR\"}',NULL,'2026-01-13 18:11:07','2026-01-13 18:11:07'),(498,'default','CMS - Page details updated.','App\\Models\\User',NULL,1,'App\\Models\\User',1,'{\"slug\": \"qr\", \"title\": \"QR\"}',NULL,'2026-01-13 18:12:00','2026-01-13 18:12:00'),(499,'default','CMS - Page details updated.','App\\Models\\User',NULL,1,'App\\Models\\User',1,'{\"slug\": \"qr\", \"title\": \"QR\"}',NULL,'2026-01-16 14:36:57','2026-01-16 14:36:57'),(500,'default','CMS - Page details updated.','App\\Models\\User',NULL,1,'App\\Models\\User',1,'{\"slug\": \"qr\", \"title\": \"QR\"}',NULL,'2026-01-16 14:38:26','2026-01-16 14:38:26'),(501,'default','CMS - Page details updated.','App\\Models\\User',NULL,1,'App\\Models\\User',1,'{\"slug\": \"qr\", \"title\": \"QR\"}',NULL,'2026-01-16 14:39:13','2026-01-16 14:39:13'),(502,'default','CMS - Page details updated.','App\\Models\\User',NULL,1,'App\\Models\\User',1,'{\"slug\": \"qr\", \"title\": \"QR\"}',NULL,'2026-01-16 14:42:42','2026-01-16 14:42:42'),(503,'default','Slider - Slider details updated.','App\\Models\\User',NULL,1,'App\\Models\\User',1,'{\"image\": \"b4f_5lvwb75o8.png\", \"title\": \"Quick & Tasty <span>Takeaway</span> Delights!\"}',NULL,'2026-02-11 08:16:10','2026-02-11 08:16:10');
/*!40000 ALTER TABLE `activity_log` ENABLE KEYS */;
UNLOCK TABLES;

--
-- Table structure for table `application_setting_categories`
--

DROP TABLE IF EXISTS `application_setting_categories`;
/*!40101 SET @saved_cs_client     = @@character_set_client */;
/*!50503 SET character_set_client = utf8mb4 */;
CREATE TABLE `application_setting_categories` (
  `id` bigint unsigned NOT NULL AUTO_INCREMENT,
  `name` varchar(255) COLLATE utf8mb4_unicode_ci NOT NULL,
  `created_at` timestamp NULL DEFAULT NULL,
  `updated_at` timestamp NULL DEFAULT NULL,
  PRIMARY KEY (`id`)
) ENGINE=InnoDB DEFAULT CHARSET=utf8mb4 COLLATE=utf8mb4_unicode_ci;
/*!40101 SET character_set_client = @saved_cs_client */;

--
-- Dumping data for table `application_setting_categories`
--

LOCK TABLES `application_setting_categories` WRITE;
/*!40000 ALTER TABLE `application_setting_categories` DISABLE KEYS */;
/*!40000 ALTER TABLE `application_setting_categories` ENABLE KEYS */;
UNLOCK TABLES;

--
-- Table structure for table `application_setting_types`
--

DROP TABLE IF EXISTS `application_setting_types`;
/*!40101 SET @saved_cs_client     = @@character_set_client */;
/*!50503 SET character_set_client = utf8mb4 */;
CREATE TABLE `application_setting_types` (
  `id` bigint unsigned NOT NULL AUTO_INCREMENT,
  `type` varchar(255) COLLATE utf8mb4_unicode_ci NOT NULL,
  `slug` varchar(255) COLLATE utf8mb4_unicode_ci NOT NULL,
  `created_at` timestamp NULL DEFAULT NULL,
  `updated_at` timestamp NULL DEFAULT NULL,
  PRIMARY KEY (`id`)
) ENGINE=InnoDB AUTO_INCREMENT=6 DEFAULT CHARSET=utf8mb4 COLLATE=utf8mb4_unicode_ci;
/*!40101 SET character_set_client = @saved_cs_client */;

--
-- Dumping data for table `application_setting_types`
--

LOCK TABLES `application_setting_types` WRITE;
/*!40000 ALTER TABLE `application_setting_types` DISABLE KEYS */;
INSERT INTO `application_setting_types` VALUES (1,'Application Settings','application-settings','2023-12-27 01:15:51','2023-12-27 01:15:51'),(2,'Theme Settings','theme-settings','2023-12-27 01:15:51','2023-12-27 01:15:51'),(3,'Contact Details','contact-details','2023-12-27 01:21:00','2023-12-27 01:21:00'),(4,'Home Blocks','home-blocks','2024-01-19 07:21:02','2024-01-19 07:21:02'),(5,'Popup Settings','popup-settings','2024-11-26 15:06:56','2024-11-26 15:06:56');
/*!40000 ALTER TABLE `application_setting_types` ENABLE KEYS */;
UNLOCK TABLES;

--
-- Table structure for table `application_settings`
--

DROP TABLE IF EXISTS `application_settings`;
/*!40101 SET @saved_cs_client     = @@character_set_client */;
/*!50503 SET character_set_client = utf8mb4 */;
CREATE TABLE `application_settings` (
  `id` bigint unsigned NOT NULL AUTO_INCREMENT,
  `field_name` varchar(255) COLLATE utf8mb4_unicode_ci NOT NULL,
  `slug` varchar(255) COLLATE utf8mb4_unicode_ci NOT NULL,
  `input_type` varchar(255) COLLATE utf8mb4_unicode_ci NOT NULL,
  `value` text COLLATE utf8mb4_unicode_ci,
  `alt_text` varchar(255) COLLATE utf8mb4_unicode_ci DEFAULT NULL,
  `options` text COLLATE utf8mb4_unicode_ci,
  `application_setting_type_id` bigint unsigned NOT NULL,
  `application_setting_category_id` bigint unsigned DEFAULT NULL,
  `sort` bigint unsigned DEFAULT NULL,
  `created_at` timestamp NULL DEFAULT NULL,
  `updated_at` timestamp NULL DEFAULT NULL,
  PRIMARY KEY (`id`),
  KEY `application_settings_application_setting_type_id_foreign` (`application_setting_type_id`),
  KEY `application_settings_application_setting_category_id_foreign` (`application_setting_category_id`),
  CONSTRAINT `application_settings_application_setting_category_id_foreign` FOREIGN KEY (`application_setting_category_id`) REFERENCES `application_setting_categories` (`id`),
  CONSTRAINT `application_settings_application_setting_type_id_foreign` FOREIGN KEY (`application_setting_type_id`) REFERENCES `application_setting_types` (`id`)
) ENGINE=InnoDB AUTO_INCREMENT=87 DEFAULT CHARSET=utf8mb4 COLLATE=utf8mb4_unicode_ci;
/*!40101 SET character_set_client = @saved_cs_client */;

--
-- Dumping data for table `application_settings`
--

LOCK TABLES `application_settings` WRITE;
/*!40000 ALTER TABLE `application_settings` DISABLE KEYS */;
INSERT INTO `application_settings` VALUES (1,'Sidebar Collapse','sidebar-collapse','switch','0',NULL,NULL,1,NULL,28,'2023-12-27 01:15:51','2024-01-19 08:55:41'),(2,'Logo','logo','file','logo_sx6aea3lu.png','Maharaja Logo',NULL,2,NULL,20,'2023-12-27 01:15:51','2024-01-19 08:55:41'),(3,'Site Name','site-name','textbox','Maharaja Indian Cuisine',NULL,NULL,2,NULL,21,'2023-12-27 01:15:51','2024-03-29 06:35:11'),(4,'Primary Phone Number','primary-phone-number','textbox','+1 402-505-4488',NULL,NULL,3,NULL,22,'2023-12-27 01:29:19','2026-05-04 14:58:11'),(5,'Secondary Phone Number','secondary-phone-number','textbox',NULL,NULL,NULL,3,NULL,23,'2023-12-27 01:30:28','2024-01-19 08:55:41'),(6,'Primary Mail','primary-mail','textbox','maharaja.oma@gmail.com',NULL,NULL,3,NULL,24,'2023-12-27 01:31:54','2024-01-19 08:55:41'),(7,'Secondary Email','secondary-email','textbox','maharaja.oma@gmail.com',NULL,NULL,3,NULL,25,'2023-12-27 01:31:54','2025-06-30 09:54:44'),(9,'Primay Color','primay-color','color','#C82E26',NULL,NULL,2,NULL,26,'2023-12-28 06:33:41','2024-01-31 06:36:04'),(11,'Secondary Color','secondary-color','color','#E6B22B',NULL,NULL,2,NULL,27,'2023-12-29 00:22:47','2024-01-19 08:55:41'),(12,'Contact Address','contact-address','textarea','<p>617 N 114 St Omaha, NE 68154, United States </p>',NULL,NULL,3,NULL,19,'2024-01-09 23:12:30','2026-05-04 16:08:49'),(13,'Hours of Operation','hours-of-operation','textarea','<ul>\r\n	<li><span>Monday to Sunday </span>: 11:00 AM to 9:00 PM</li>\r\n</ul>',NULL,NULL,3,NULL,29,'2024-01-19 07:13:02','2026-05-04 17:35:22'),(14,'Footer Contact','footer-contact','heading',NULL,NULL,NULL,3,NULL,30,'2024-01-19 07:14:19','2024-01-19 08:55:41'),(15,'Footer Contact Map Iframe','footer-contact-map-iframe','textarea','<p><iframe allowfullscreen=\"\" loading=\"lazy\" referrerpolicy=\"no-referrer-when-downgrade\" src=\"https://www.google.com/maps/embed?pb=!1m14!1m8!1m3!1d11996.15938722899!2d-96.0902312!3d41.2644683!3m2!1i1024!2i768!4f13.1!3m3!1m2!1s0x8793f295c4fbdd5d%3A0xacabaa4eb1b9249!2sMaharaja%20Indian%20Cuisine!5e0!3m2!1sen!2sin!4v1705754191235!5m2!1sen!2sin\" style=\"border:0;\" width=\"100%\"></iframe></p>',NULL,NULL,3,NULL,31,'2024-01-19 07:15:05','2024-01-20 12:37:52'),(16,'Footer Contact Short Description','footer-contact-short-description','textarea','<p><span class=\"small-title\">Get in touch</span></p>\r\n<h3>VISIT MAHARAJA INDIAN CUISINE</h3>\r\n<p>Where Authenticity Meets Exquisite Taste!</p>',NULL,NULL,3,NULL,32,'2024-01-19 07:16:41','2026-05-04 16:11:44'),(17,'Opening Hours','opening-hours','textarea-normal','Monday to Sunday - 11:00 AM to 9:00 PM<br/>',NULL,NULL,3,NULL,33,'2024-01-19 07:17:55','2026-05-05 03:04:17'),(18,'Map Location','map-location','textarea','<p>617 N 114th St, Omaha, NE 68154, United States</p>',NULL,NULL,3,NULL,34,'2024-01-19 07:19:01','2024-01-19 08:55:41'),(19,'Welcome','welcome','heading',NULL,NULL,NULL,4,NULL,1,'2024-01-19 07:22:39','2024-01-19 08:55:41'),(20,'Welcome Title','welcome-title','textbox','Maharaja Indian Restaurant <span>Where every dish is a royal treat!</span>',NULL,NULL,4,NULL,2,'2024-01-19 07:24:13','2024-01-19 08:55:41'),(21,'Welcome Description','welcome-description','textarea','<p class=\"lead\">For over a decade, Maharaja has been your first choice when it comes to Indian cuisine. Discover a delicious blend of classic dishes and thali experiences that are designed to highlight the diversity of our cuisine. Put your trust in Maharaja to take you on a delicious adventure that combines tradition with an unforgettable meal around every corner.</p>',NULL,NULL,4,NULL,3,'2024-01-19 07:27:37','2024-07-30 10:17:14'),(22,'Welcome Button Text','welcome-button-text','textbox','KNOW MORE',NULL,NULL,4,NULL,4,'2024-01-19 07:29:20','2024-01-30 13:48:50'),(23,'Welcome Button URL','welcome-button-url','textbox','about-us',NULL,NULL,4,NULL,5,'2024-01-19 07:29:45','2024-01-31 17:36:23'),(24,'Welcome Gallery','welcome-gallery','multiple-files','[{\"path\":\"Screenshot-2025-10-05-at-3.55.50\\u202fAM_16ywy3bxg.png\",\"alt_text\":\"Traditional restaurant in Omaha\"},{\"path\":\"4EP_Maharaja-121_so3ycwibi.jpg\",\"alt_text\":\"Indian food restaurant at omaha\"},{\"path\":\"4EP_Maharaja-131_nniwpmns9.jpg\",\"alt_text\":\"Indian restaurant in Omaha\"},{\"path\":\"4EP_Maharaja-119_kq66i3pqo.jpg\",\"alt_text\":\"Restaurant in Omaha\"}]',NULL,NULL,4,NULL,6,'2024-01-19 07:38:01','2025-10-04 22:35:27'),(25,'CLASSIC VINTAGE','classic-vintage','heading',NULL,NULL,NULL,4,NULL,7,'2024-01-19 07:38:20','2024-01-19 08:55:41'),(26,'Classic Vintage Title','classic-vintage-title','textbox','CLASSIC & VINTAGE',NULL,NULL,4,NULL,8,'2024-01-19 07:38:41','2024-01-19 08:55:41'),(27,'Classic Vintage Description','classic-vintage-description','textarea','<p>Step back in time with Maharaja\'s classic and vintage dishes. Our special menu offers traditional Indian flavors in simple, delicious bites. From tasty curries to sweet treats, each dish brings the essence of old-fashioned traditional cooking at Maharaja!</p>',NULL,NULL,4,NULL,9,'2024-01-19 07:39:14','2024-07-30 10:17:14'),(28,'Classic Vintage Image 1','classic-vintage-image-1','file','4EP_Maharaja-080_a9yiaxyaw.jpg','Classic Vintage Image',NULL,4,NULL,10,'2024-01-19 07:41:02','2025-10-04 21:03:26'),(29,'Classic Vintage Image 2','classic-vintage-image-2','file','Screenshot-2025-10-05-at-2.36.22 AM_evw8ba1wy.png','Classic Vintage Image',NULL,4,NULL,11,'2024-01-19 07:41:15','2025-10-04 21:08:33'),(30,'Classic Vintage Image 3','classic-vintage-image-3','file','4EP_Maharaja-035-(1)_lha1d4wyu.jpg','Classic Vintage Image',NULL,4,NULL,13,'2024-01-19 07:41:31','2025-10-04 22:18:37'),(31,'Classic Vintage Image 4','classic-vintage-image-4','file','4EP_Maharaja-018_g5nerke49.jpg','Classic Vintage Image',NULL,4,NULL,12,'2024-01-19 07:41:47','2025-10-04 21:28:34'),(32,'Metricool Script','metricool-script','textarea','<p><script>function loadScript(a){var b=document.getElementsByTagName(\"head\")[0],c=document.createElement(\"script\");c.type=\"text/javascript\",c.src=\"https://tracker.metricool.com/resources/be.js\",c.onreadystatechange=a,c.onload=a,b.appendChild(c)}loadScript(function(){beTracker.t({hash:\"72e2e8cbdf7cceb01a9033a3f908b146\"})});</script></p>',NULL,NULL,2,NULL,14,'2024-01-19 08:45:02','2024-03-30 07:19:24'),(33,'OPEN EVERYDAY Title','open-everyday-title','textbox','Book Your Table Today!',NULL,NULL,4,NULL,15,'2024-01-19 08:49:51','2024-02-08 02:31:04'),(34,'OPEN EVERYDAY Description','open-everyday-description','textarea','<p>Experience the flavors of <br>\r\nour exquisite cuisine served <br>\r\n<b>Monday</b> through <b>Sunday</b><br> \r\nfrom <b>11AM to 9PM</b></p>',NULL,NULL,4,NULL,16,'2024-01-19 08:50:05','2025-07-19 04:23:12'),(35,'OPEN EVERYDAY Button','open-everyday-button','textbox','Make Reservation',NULL,NULL,4,NULL,17,'2024-01-19 08:50:21','2024-01-19 08:55:41'),(36,'OPEN EVERYDAY URL','open-everyday-url','textbox','402-505-4488',NULL,NULL,4,NULL,18,'2024-01-19 08:50:42','2024-01-29 10:38:18'),(37,'Get your favourite Title','get-your-favourite-title','textbox','Get your favourite Indian Food Delivered home',NULL,NULL,4,NULL,NULL,'2024-01-19 08:56:22','2024-01-19 08:58:46'),(38,'Get your favourite Button','get-your-favourite-button','textbox','ORDER NOW',NULL,NULL,4,NULL,NULL,'2024-01-19 08:56:52','2024-02-01 07:02:51'),(39,'Get your favourite Button Url','get-your-favourite-button-url','textbox','https://maharajaindiancuisine.hungerrush.com/Order/OrderType',NULL,NULL,4,NULL,NULL,'2024-01-19 08:57:00','2026-02-11 08:13:13'),(40,'Get your favourite Descriptiion','get-your-favourite-descriptiion','textarea','<p>You can get your favourite Biryani, Butter Chicken or Kadhai Paneer delivered to your doorsteps. Order online now with ease!</p>',NULL,NULL,4,NULL,NULL,'2024-01-19 08:57:40','2024-01-19 08:58:46'),(41,'From Small to Large','from-small-to-large','heading',NULL,NULL,NULL,4,NULL,NULL,'2024-01-19 09:00:20','2024-01-19 09:00:20'),(42,'From Small to Large Title','from-small-to-large-title','textbox','From Small to Large Party Orders',NULL,NULL,4,NULL,NULL,'2024-01-19 09:00:35','2024-01-19 09:01:33'),(43,'From Small to Large Description','from-small-to-large-description','textarea','<p>Maharaja caters to all occasions, bringing the authentic flavors of India to your gatherings, conferences, celebrations, and more!</p>\r\n\r\n<ul>\r\n	<li>Warm welcome gatherings</li>\r\n	<li>Business conferences</li>\r\n	<li>Celebration gathering</li>\r\n	<li>Formal gatherings</li>\r\n	<li>Radiant Receptions</li>\r\n	<li>Small-scale gathering</li>\r\n</ul>',NULL,NULL,4,NULL,NULL,'2024-01-19 09:00:48','2024-02-01 07:48:52'),(44,'From Small to Large Gallery','from-small-to-large-gallery','multiple-files','[{\"path\":\"side-view-people-celebrating-tamil-new-year_23-2151210764_pbh411ur8.webp\",\"alt_text\":\"Indian Traditional Food in Omaha\"},{\"path\":\"happy-family-havinf-dinner-together_dozopg4hg.webp\",\"alt_text\":\"Omaha Venue\"},{\"path\":\"extra-(1)_j0y6t4j6k_bna9wd6gz.webp\",\"alt_text\":\"Delicious food items in Omaha\"}]',NULL,NULL,4,NULL,NULL,'2024-01-19 09:01:05','2024-03-07 18:41:25'),(46,'Order Now Text','order-now-text','textbox','Order Now',NULL,NULL,2,NULL,NULL,'2024-01-20 09:48:50','2024-11-29 09:29:38'),(47,'Order Now URL','order-now-url','textbox','https://maharajaindiancuisine.hungerrush.com/Order/OrderType',NULL,NULL,2,NULL,NULL,'2024-01-20 09:49:04','2026-02-11 08:17:11'),(48,'facebook','facebook','textbox','https://www.facebook.com/profile.php?id=100044680852133',NULL,NULL,3,NULL,NULL,'2024-01-20 10:11:02','2024-02-15 12:09:50'),(49,'twitter','twitter','textbox','https://twitter.com/maharajaindi',NULL,NULL,3,NULL,NULL,'2024-01-20 10:11:15','2024-03-30 07:45:32'),(50,'instagram','instagram','textbox','https://www.instagram.com/maharaja_indiancuisine/',NULL,NULL,3,NULL,NULL,'2024-01-20 10:11:28','2024-02-15 12:09:51'),(51,'doordash','doordash','textbox','https://www.doordash.com/',NULL,NULL,3,NULL,NULL,'2024-01-20 10:11:54','2024-11-24 07:56:58'),(52,'clover','clover','textbox','https://www.clover.com/online-ordering/maharaja-indian-cuisine-omaha?',NULL,NULL,3,NULL,NULL,'2024-01-20 10:12:05','2024-02-15 12:09:51'),(53,'uber','uber','textbox','https://www.ubereats.com/?srsltid=AfmBOoouRgE6loQufve2CvEppp8EiaDQbgM0AJM2DXULPz5L9LrjCCDZ',NULL,NULL,3,NULL,NULL,'2024-01-20 10:12:18','2024-11-24 07:56:58'),(54,'Watsapp','watsapp','textbox','https://whatsapp.com/channel/0029VaGa5UJA89MZfsgiLQ0a',NULL,NULL,3,NULL,NULL,'2024-01-29 11:36:01','2024-01-29 11:40:55'),(55,'Grubhub','grubhub','textbox','https://www.grubhub.com/',NULL,NULL,3,NULL,NULL,'2024-01-29 11:36:34','2024-11-24 07:56:58'),(56,'From Small Text','from-small-text','textbox','KNOW MORE',NULL,NULL,4,NULL,NULL,'2024-02-07 04:20:57','2024-07-30 10:17:14'),(57,'From Small Text Url','from-small-text-url','textbox','https://www.omaharaja.com/catering',NULL,NULL,4,NULL,NULL,'2024-02-07 04:21:31','2024-07-30 10:17:41'),(58,'Hear From You','hear-from-you','textarea-normal','Fill out the form below to reach out to us.',NULL,NULL,3,NULL,NULL,'2024-02-15 13:03:25','2025-06-30 06:42:08'),(59,'Contact Success Image','contact-success-image','file','thanks_6jnm8r8ju.png','Contact Success Image',NULL,3,NULL,NULL,'2024-02-15 13:03:47','2024-02-16 07:16:24'),(60,'Contact Success Message','contact-success-message','textarea','<h1>Thanks for reaching out.</h1>\r\n\r\n<h1>We will get back to you soon!</h1>',NULL,NULL,3,NULL,NULL,'2024-02-15 13:04:15','2024-02-16 03:06:35'),(61,'Get Your Favourite Image','get-your-favourite-image','file','indian-pic_38gcmf7mz_6mh0av7pf.png','Get Your Favourite Image',NULL,3,NULL,NULL,'2024-02-16 07:17:28','2024-03-01 11:20:35'),(62,'Google Site Verification Code','google-site-verification-code','textbox','HRFxWi2i09oTmonp7jZ9K8PXBa7WSQi6wZuMQcxIUks',NULL,NULL,2,NULL,NULL,'2024-03-13 11:38:36','2024-04-12 12:21:50'),(63,'Favicon','favicon','file','Untitled-design-(2)_4lqkbnfqg.png','Fav icon image',NULL,2,NULL,NULL,'2024-03-16 12:02:35','2024-03-20 08:54:54'),(65,'Og Title','og-title','textbox','Maharaja Indian Cuisine | Omaha, Nebraska',NULL,NULL,2,NULL,NULL,'2024-11-09 07:42:09','2024-11-09 07:44:41'),(66,'Og Image','og-image','file','20240210_134455_2pnbzj78c.jpg','Maharaja',NULL,2,NULL,NULL,'2024-11-09 07:42:34','2024-11-09 07:44:41'),(67,'Og Description','og-description','textarea','Experience the essence of Indian in Omaha. Traditional Indian food where every bite tells a flavorful taste. Satisfy your cravings now!',NULL,NULL,2,NULL,NULL,'2024-11-09 07:43:07','2024-11-09 07:47:48'),(68,'catering-faq-content','catering-faq-content','textarea',NULL,NULL,NULL,4,NULL,NULL,'2024-11-19 06:28:10','2024-11-19 06:30:24'),(69,'catering-success-message','catering-success-message','textarea','<p class=\"h1 text-white\" >Catering Form Submitted Successfully</p>',NULL,NULL,4,NULL,NULL,'2024-11-26 06:04:21','2024-11-26 06:07:12'),(70,'Secondary Mail','secondary-mail','textbox',NULL,NULL,NULL,3,NULL,NULL,'2024-11-26 15:06:56','2025-06-30 09:54:44'),(71,'Popup Toggle','popup-toggle','switch','0',NULL,NULL,5,NULL,NULL,'2024-11-26 15:06:56','2024-12-26 07:00:01'),(72,'Popup Once a day','popup-once-day','switch','0',NULL,NULL,5,NULL,NULL,'2024-11-26 15:06:56','2024-11-27 07:48:22'),(73,'Popup Title','popup-title','textbox','Holidays Notice',NULL,NULL,5,NULL,NULL,'2024-11-26 15:06:56','2024-11-27 04:52:21'),(74,'Popup Image','popup-image','file','19056106_Christmas_flyer7_klrahksx9.jpg','Christmas holiday',NULL,5,NULL,NULL,'2024-11-26 15:06:56','2024-12-26 04:27:50'),(75,'Popup Text','popup-text','textarea','🍁<br><strong>On occasion of Christmas</strong></br>\r\nOur restaurant will be closed on December 25th\r\n\r\n<br>Wishing you a joyful Christmas!</br>',NULL,NULL,5,NULL,NULL,'2024-11-26 15:06:56','2024-12-26 04:28:30'),(76,'Popup Button Text','popup-button-text','textbox',NULL,NULL,NULL,5,NULL,NULL,'2024-11-26 15:06:56','2024-11-27 09:15:25'),(77,'Popup Button Url','popup-button-url','textbox',NULL,NULL,NULL,5,NULL,NULL,'2024-11-26 15:06:56','2024-11-26 15:20:06'),(78,'catering-button-text','catering-button-text','textbox','Enquire for Catering',NULL,NULL,4,NULL,NULL,'2024-12-11 07:21:49','2024-12-11 07:23:55'),(79,'external blog btn text','external-blog-btn-text','textbox','view other blogs',NULL,NULL,4,NULL,NULL,'2024-12-23 13:17:07','2024-12-23 13:18:00'),(80,'Location 2 Phone','location-2-phone','textbox','+1 531-207-1921',NULL,NULL,3,NULL,35,'2026-04-13 01:57:01','2026-05-04 11:43:44'),(81,'Location 2 Mail','location-2-mail','textbox','maharaja.oma@gmail.com',NULL,NULL,3,NULL,36,'2026-04-13 01:57:01','2026-04-13 01:58:10'),(82,'Location 2 Map Iframe','location-2-map-iframe','textarea','<p><iframe src=\"https://www.google.com/maps/embed?pb=!1m18!1m12!1m3!1d3003.118927231877!2d-96.0251301!3d41.175573199999995!2m3!1f0!2f0!3f0!3m2!1i1024!2i768!4f13.1!3m3!1m2!1s0x87938bba73339903%3A0x199238530d0ac1e6!2sMaharaja%20Indian%20Cuisine!5e0!3m2!1sen!2sin!4v1777895725656!5m2!1sen!2sin\" width=\"600\" height=\"450\" style=\"border:0;\" allowfullscreen=\"\" loading=\"lazy\" referrerpolicy=\"no-referrer-when-downgrade\"></iframe></p>',NULL,NULL,3,NULL,37,'2026-04-13 01:57:01','2026-05-04 11:55:20'),(83,'Location 2 Short Description','location-2-short-description','textarea','<p><span class=\"small-title\">Get in touch</span></p>\r\n<h3>VISIT MAHARAJA INDIAN CUISINE</h3>\r\n<p>Where Authenticity Meets Exquisite Taste!</p>',NULL,NULL,3,NULL,38,'2026-04-13 01:57:01','2026-05-04 16:11:44'),(84,'Location 2 Opening Hours','location-2-opening-hours','textarea-normal','Tuesday to Sunday - 11:00 AM to 9:00 PM<br/>',NULL,NULL,3,NULL,39,'2026-04-13 01:57:01','2026-05-04 16:13:12'),(85,'Location 2 Map Location','location-2-map-location','textarea','<p>8419 S 73rd Plaza #105, Papillion, NE 68046, United States</p>',NULL,NULL,3,NULL,40,'2026-04-13 01:57:01','2026-05-04 11:43:44'),(86,'Location 2 Hours of Operation','location-2-hours-of-operation','textarea','<ul>\r\n	<li><span>Tuesday to Sunday </span>: 11:00 AM to 9:00 PM\r\n</li>\r\n<p> Monday (Closed) </p>\r\n</ul>',NULL,NULL,3,NULL,41,'2026-04-13 02:47:47','2026-05-04 17:35:22');
/*!40000 ALTER TABLE `application_settings` ENABLE KEYS */;
UNLOCK TABLES;

--
-- Table structure for table `blog_categories`
--

DROP TABLE IF EXISTS `blog_categories`;
/*!40101 SET @saved_cs_client     = @@character_set_client */;
/*!50503 SET character_set_client = utf8mb4 */;
CREATE TABLE `blog_categories` (
  `id` bigint unsigned NOT NULL AUTO_INCREMENT,
  `name` varchar(255) COLLATE utf8mb4_unicode_ci NOT NULL,
  `display_name` varchar(255) COLLATE utf8mb4_unicode_ci DEFAULT NULL,
  `image` varchar(255) COLLATE utf8mb4_unicode_ci DEFAULT NULL,
  `image_alt_text` varchar(255) COLLATE utf8mb4_unicode_ci DEFAULT NULL,
  `icon` varchar(255) COLLATE utf8mb4_unicode_ci DEFAULT NULL,
  `description` text COLLATE utf8mb4_unicode_ci,
  `type` varchar(255) COLLATE utf8mb4_unicode_ci DEFAULT NULL,
  `created_at` timestamp NULL DEFAULT NULL,
  `updated_at` timestamp NULL DEFAULT NULL,
  `sort` bigint unsigned DEFAULT NULL,
  PRIMARY KEY (`id`)
) ENGINE=InnoDB AUTO_INCREMENT=4 DEFAULT CHARSET=utf8mb4 COLLATE=utf8mb4_unicode_ci;
/*!40101 SET character_set_client = @saved_cs_client */;

--
-- Dumping data for table `blog_categories`
--

LOCK TABLES `blog_categories` WRITE;
/*!40000 ALTER TABLE `blog_categories` DISABLE KEYS */;
INSERT INTO `blog_categories` VALUES (1,'Our Dishes','Our Dishes',NULL,NULL,NULL,NULL,NULL,'2023-12-27 06:15:49','2024-01-29 11:43:17',NULL),(2,'Catering Services','Catering Services',NULL,NULL,NULL,NULL,NULL,'2024-11-24 08:27:47','2024-11-24 08:27:47',NULL),(3,'About us','About us',NULL,NULL,NULL,NULL,NULL,'2025-02-03 12:05:03','2025-02-03 12:05:03',NULL);
/*!40000 ALTER TABLE `blog_categories` ENABLE KEYS */;
UNLOCK TABLES;

--
-- Table structure for table `blog_posts`
--

DROP TABLE IF EXISTS `blog_posts`;
/*!40101 SET @saved_cs_client     = @@character_set_client */;
/*!50503 SET character_set_client = utf8mb4 */;
CREATE TABLE `blog_posts` (
  `id` bigint unsigned NOT NULL AUTO_INCREMENT,
  `blog_category_id` bigint unsigned NOT NULL,
  `title` varchar(255) COLLATE utf8mb4_unicode_ci NOT NULL,
  `slug` varchar(255) COLLATE utf8mb4_unicode_ci DEFAULT NULL,
  `sub_title` varchar(255) COLLATE utf8mb4_unicode_ci DEFAULT NULL,
  `post_date` datetime DEFAULT NULL,
  `image` varchar(255) COLLATE utf8mb4_unicode_ci DEFAULT NULL,
  `image_alt_text` varchar(255) COLLATE utf8mb4_unicode_ci DEFAULT NULL,
  `short_description` varchar(255) COLLATE utf8mb4_unicode_ci DEFAULT NULL,
  `description` text COLLATE utf8mb4_unicode_ci,
  `image_gallery` text COLLATE utf8mb4_unicode_ci,
  `video_gallery` text COLLATE utf8mb4_unicode_ci,
  `video_url` varchar(255) COLLATE utf8mb4_unicode_ci DEFAULT NULL,
  `video_iframe` varchar(255) COLLATE utf8mb4_unicode_ci DEFAULT NULL,
  `custom_url` varchar(255) COLLATE utf8mb4_unicode_ci DEFAULT NULL,
  `map_url` varchar(255) COLLATE utf8mb4_unicode_ci DEFAULT NULL,
  `map_iframe` varchar(255) COLLATE utf8mb4_unicode_ci DEFAULT NULL,
  `page_title` text COLLATE utf8mb4_unicode_ci,
  `seo_title` text COLLATE utf8mb4_unicode_ci,
  `seo_keywords` text COLLATE utf8mb4_unicode_ci,
  `seo_description` text COLLATE utf8mb4_unicode_ci,
  `publish` tinyint NOT NULL DEFAULT '1',
  `sort` bigint unsigned DEFAULT NULL,
  `created_at` timestamp NULL DEFAULT NULL,
  `updated_at` timestamp NULL DEFAULT NULL,
  PRIMARY KEY (`id`),
  KEY `blog_posts_blog_category_id_foreign` (`blog_category_id`),
  CONSTRAINT `blog_posts_blog_category_id_foreign` FOREIGN KEY (`blog_category_id`) REFERENCES `blog_categories` (`id`)
) ENGINE=InnoDB AUTO_INCREMENT=11 DEFAULT CHARSET=utf8mb4 COLLATE=utf8mb4_unicode_ci;
/*!40101 SET character_set_client = @saved_cs_client */;

--
-- Dumping data for table `blog_posts`
--

LOCK TABLES `blog_posts` WRITE;
/*!40000 ALTER TABLE `blog_posts` DISABLE KEYS */;
INSERT INTO `blog_posts` VALUES (1,1,'What Stories Do Our Dishes Tell?','what-stories-do-our-dishes-tell',NULL,'2023-12-28 00:00:00','Veg-thali_7cb05z8x4.webp','What Stories Do Our Dishes Tell?',NULL,'<p><strong>Discover the Rich Stories Behind Your Favorite Dishes at Maharaja</strong></p>\r\n<p>Have you ever wondered what makes the food at Maharaja so exceptional? It\'s not just the exquisite flavors or the perfect blend of spices. Each dish at Maharaja has a distinct backstory that dates back to ancient times. Let\'s embark on a delightful adventure and discover the stories behind some of your favorite foods at Maharaja.</p>\r\n<p><strong>Biryani Wonder: A Feast for the Ages</strong></p>\r\n<p>When you savor our biryanis, you\'re not just enjoying a meal&mdash;you\'re experiencing a dish that has transported people back in time to historical royal feasts. Biryani is more than just rice and spices. It\'s a culinary masterpiece that has delighted both commoners and royalty for generations.&nbsp;</p>\r\n<p>The origins of biryani are steeped in history. It is believed to have been brought to India by the Mughals and quickly became a favorite at royal courts. Each region of India has its own unique take on biryani, from the fragrant Lucknowi biryani of the North to the spicy Hyderabadi biryani of the South. At Maharaja, we honor these traditions by preparing our biryanis with the same care and attention to detail that has been passed down through generations. With every bite, you get a taste of the past along with an abundance of flavor.</p>\r\n<p><strong>Tandoor Magic: A Journey into the Heart of Traditional Cooking</strong></p>\r\n<p>The aroma and sizzle of our tandoor dishes tell the tale of master chefs who once cooked in traditional clay ovens. This method of cooking dates back thousands of years and remains a beloved tradition in Indian cuisine. Whether it\'s the tender naan or the juicy kebabs, each dish pays homage to the traditional art of clay oven cooking.</p>\r\n<p>Imagine the process: a clay oven heated to perfection, where skewers of marinated meat and dough are cooked at high temperatures. This method imparts a unique smoky flavor and tender texture that cannot be replicated by modern cooking techniques. At Maharaja, every bite of our tandoor dishes is like taking a delightful time travel adventure, experiencing the flavors that have been cherished for centuries.</p>\r\n<p><strong>Curry Adventure: A Flavorful Journey of Indian Food</strong></p>\r\n<p>Our curries are not just a mix of ingredients; they are a symphony of flavors that represent the diverse culinary traditions of India. Each region of India has its own unique way of preparing curry, and at Maharaja, we bring these regional specialties to your table.</p>\r\n<p>From the rich, creamy butter chicken of the North to the tangy, coconut-infused curries of the South, each dish tells a story of its origin. These curries are like flavor greeting cards from different regions, inviting you to explore the diverse culinary landscape of India. When you dig into a curry at Maharaja, you\'re not just having a meal&mdash;you\'re going on a mini-trip across India, discovering all the delicious differences that make Indian cuisine so special.</p>\r\n<p><strong>Dessert Journey: Sweet Stories of Celebration and Tradition</strong></p>\r\n<p>No meal at Maharaja is complete without indulging in our delectable desserts. Each sweet treat on our menu has a story tied to celebrations, family gatherings, and the hard work of traditional sweet-makers.&nbsp;</p>\r\n<p>Take the beloved Gulab Jamun, for example. These soft, syrup-soaked dumplings are often associated with joyous occasions and festivals. The recipe for gulab jamun has been passed down through generations, with each family adding its special touch. Or consider the creamy, saffron-infused kulfi, a traditional Indian ice cream that has been a favorite for centuries. Each bite of our desserts is not just a sweet treat&mdash;it\'s a little bit of happiness with a side of tradition.</p>\r\n<p><strong>More Than Just a Meal</strong></p>\r\n<p>At Maharaja, we believe that dining is an experience that goes beyond just the food on your plate. Each dish tells a story, rich with history and tradition. When you dine with us, you\'re not just eating; you\'re taking part in a culinary journey that spans centuries.</p>\r\n<p><strong>The Rich History of Spices</strong></p>\r\n<p>Indian cuisine is renowned for its use of spices, each of which has its history and significance. Spices like turmeric, cumin, and cardamom are not just flavor enhancers&mdash;they have been used in traditional medicine and rituals for thousands of years. At Maharaja, we carefully select and blend these spices to create dishes that are not only delicious but also steeped in history.</p>\r\n<p><strong>The Art of Hospitality</strong></p>\r\n<p>In Indian culture, food is a way of showing hospitality and love. At Maharaja, we embrace this tradition by treating each guest as a member of our family. From the warm welcome you receive when you walk through our doors to the attentive service throughout your meal, we strive to make your dining experience exceptional.</p>\r\n<p><strong>Celebrating Regional Diversity</strong></p>\r\n<p>India is a land of diverse cultures and traditions, and this diversity is reflected in its cuisine. At Maharaja, we celebrate this diversity by offering a wide range of dishes that represent different regions of India. Whether you\'re in the mood for the spicy flavors of the South or the rich, hearty dishes of the North, you\'ll find something to delight your palate at Maharaja.</p>\r\n<p><strong>Join Us on a Culinary Adventure</strong></p>\r\n<p>The next time you dine at Maharaja, remember that you\'re not just enjoying a meal. You\'re embarking on a culinary adventure that takes you through the rich history and traditions of Indian cuisine. Each bite tells a story, and we invite you to be a part of these tales.</p>\r\n<p>So come, be a part of our culinary journey, and taste the history in every bite. Let Maharaja transport you to a world of flavors, stories, and traditions that have been cherished for generations. We look forward to welcoming you and sharing our passion for exceptional food and rich cultural heritage.</p>','\"[]\"',NULL,NULL,NULL,NULL,NULL,NULL,NULL,'Our dish stories | Omaha, Nebraska','Stories of omaha dishes, journey of omaha dishes, behind the story of omaha dishes','Explore the fascinating scenes behind Omaha\'s favorite dishes. Dive into the journey of these iconic meals and uncover their captivating stories. Discover the rich history and flavors that make Omaha\'s cuisine truly unique.',1,4,'2023-12-27 06:16:56','2025-08-18 11:45:58'),(2,1,'What Stories Make Our Signature Dishes Truly Unforgettable?','what-stories-make-our-signature-dishes-truly-unforgettable',NULL,'2023-12-30 00:00:00','jpeg-optimizer_blog-2_dqznswntv.webp','Stories Make Our Signature Dishes',NULL,'<p>At Maharaja, our Chicken Tikka Masala isn&#39;t just a dish; it&#39;s a story told through flavors, a journey through time-honored culinary techniques, and a promise of an unforgettable dining experience. Come, savor the magic that unfolds on your plate with every delectable bite. This culinary masterpiece captures the essence of Indian flavors and culinary artistry, promising to delight your senses and transport you to the heart of India.</p>\r\n\r\n<h3><strong>A Symphony of Spices</strong></h3>\r\n\r\n<p>The foundation of our Chicken Tikka Masala lies in the meticulous blend of spices crafted by our expert chefs. Each spice is selected for its unique contribution to the overall flavor profile, creating a symphony of tastes that dance on your taste buds. From the warmth of cumin to the subtle kick of garam masala, every spice plays a crucial role in achieving the harmonious perfection of our Chicken Tikka Masala.</p>\r\n\r\n<p>Cumin is one of the key spices in our blend, adding a warm, earthy note that forms the base of the dish. Its distinctive aroma and slightly bitter flavor complement the other spices, enhancing the overall depth of the dish.</p>\r\n\r\n<p>Garam masala, a traditional Indian spice mix, adds a subtle kick to our Chicken Tikka Masala. This blend typically includes cinnamon, cardamom, cloves, and pepper, creating a complex and aromatic flavor profile that brings a touch of warmth and spice.</p>\r\n\r\n<h3><strong>Tandoor-Grilled Perfection</strong></h3>\r\n\r\n<p>The journey of our Chicken Tikka Masala begins with tender chicken pieces marinated in a secret blend of spices. This marinade showcases the expertise of our culinary team, who have perfected the art of creating the ideal balance of flavors. Once marinated, the chicken is lovingly tandoor-grilled to perfection.</p>\r\n\r\n<h3>The Art of Marination</h3>\r\n\r\n<p>Marination is a critical step in preparing our Chicken Tikka Masala. The chicken is marinated in a blend of yogurt, lemon juice, and spices, which not only infuses it with flavor but also tenderizes the meat, ensuring it remains juicy and succulent.</p>\r\n\r\n<h3>The Tandoor Experience</h3>\r\n\r\n<p>Cooking the marinated chicken in a traditional tandoor oven imparts a unique smoky and charred essence that defines the authenticity of our Chicken Tikka Masala. The high heat of the tandoor seals in the juices, creating a deliciously moist and flavorful dish.</p>\r\n\r\n<h3><strong>The Heart of the Dish: Velvety Tomato Sauce</strong></h3>\r\n\r\n<p>The heart of our signature dish lies in its velvety tomato sauce&mdash;a rich, creamy blend that envelops the succulent chicken. Crafted with care and precision, the sauce is a testament to the dedication we pour into creating the perfect balance of flavors and textures.</p>\r\n\r\n<p>Our tomato sauce starts with ripe, juicy tomatoes, slowly simmered to bring out their natural sweetness. The cream is then added to create a luxurious texture that coats the chicken in a silky, smooth sauce. The addition of butter enhances the richness, making the sauce indulgently creamy.</p>\r\n\r\n<p>Achieving the perfect balance of flavors is essential in our tomato sauce. The sweetness of the tomatoes is balanced by the tanginess of yogurt and the richness of cream. A hint of sugar is added to enhance the natural sweetness of the tomatoes, while a touch of chili powder provides a gentle heat that rounds out the flavor profile.</p>\r\n\r\n<h3><strong>More Than Just a Meal</strong></h3>\r\n\r\n<p>Serving our Chicken Tikka Masala isn&#39;t just about offering a delicious dish&mdash;it&#39;s about sharing a piece of our culinary tradition. Rooted in the heart of India, this signature dish embodies the warmth and hospitality that Maharaja is known for, making every dining experience a celebration of authenticity and taste.</p>\r\n\r\n<h3>A Culinary Tradition</h3>\r\n\r\n<p>At Maharaja, we take pride in preserving and sharing the rich culinary traditions of India. Our Chicken Tikka Masala is a prime example of this dedication. Each ingredient is carefully selected, and every step of the preparation process is executed with precision and care, ensuring that the final dish is a true representation of Indian culinary artistry.</p>\r\n\r\n<p>The warmth and hospitality of India are at the core of our dining experience. When you enjoy our Chicken Tikka Masala, you&#39;re not just savoring a meal&mdash;you&#39;re experiencing the heart and soul of our culinary tradition. From the moment you step into our restaurant to the last bite of your meal, we strive to make you feel welcomed and cherished.</p>\r\n\r\n<h3><strong>Join Us for a Culinary Journey</strong></h3>\r\n\r\n<p>At Maharaja, we invite you to embark on a culinary journey with our Chicken Tikka Masala. Discover the story behind this beloved dish and savor the magic that unfolds on your plate with every delectable bite. Let us transport you to a world of flavors, where each taste tells a tale of tradition, expertise, and passion. Come, be a part of our culinary tales, and taste the history in every bite. We look forward to welcoming you and sharing the rich flavors and stories that make Maharaja a truly exceptional dining experience.</p>','\"[]\"',NULL,NULL,NULL,NULL,NULL,NULL,NULL,'Best signature dish | Omaha, Nebraska','Best signature dish in omaha, chicken tikka masala in omaha, stories of signature dish in omaha, tast of signature dish in omaha','Experience the mouthwatering delight of Omaha\'s finest signature dish: Chicken Tikka Masala. This flavorful masterpiece encapsulates the essence of Omaha\'s culinary scene and is loved by many. Step into a world of rich flavors and culinary excellence with every bite of Chicken Tikka Masala.',1,6,'2023-12-27 06:18:10','2024-12-23 13:27:37'),(3,1,'Looking for a Taste of Royalty in Omaha? Who Else But Maharaja!','looking-for-a-taste-of-royalty-in-omaha-who-else-but-maharaja',NULL,'2023-12-30 00:00:00','veg_b4qc1sikd.webp','Taste of royalty in Omaha',NULL,'<p>In the heart of Omaha, a regal dining experience awaits you at Maharaja. Our restaurant promises to take you on a culinary journey that transports you straight to the royal courts of India. From the moment you step through our doors, you are enveloped in an atmosphere of elegance and grandeur, designed to provide a dining experience like no other. Every detail, from the decor to the meticulously crafted dishes, speaks of a commitment to excellence and an unwavering dedication to offering the finest traditional Indian cuisine.</p>\r\n\r\n<p>At Maharaja, we believe that dining is not just about food; it&#39;s about the entire experience. Our restaurant is a sanctuary where you can escape the hustle and bustle of everyday life and indulge in a feast fit for royalty. The ambiance is designed to be both welcoming and majestic, with rich colors, intricate patterns, and opulent furnishings that reflect the cultural heritage of India. As you enter, you are greeted by the warm smiles of our staff, who are dedicated to making your visit as enjoyable and memorable as possible.</p>\r\n\r\n<p>Our menu is a celebration of Indian culinary artistry, featuring a majestic array of dishes that showcase the rich and diverse flavors of the subcontinent. Each dish is crafted with precision and passion, using the finest ingredients and traditional recipes passed down through generations. From the flavorful biryanis to the aromatic curries, every bite is a testament to the skill and dedication of our chefs.</p>\r\n\r\n<p>One of the highlights of our menu is our selection of biryanis. These fragrant rice dishes are cooked with a variety of spices and meats, creating a symphony of flavors that is both complex and harmonious. Whether you prefer the classic chicken biryani, the succulent lamb biryani, or the vegetarian-friendly vegetable biryani, each version is a culinary masterpiece in its own right. The rice is perfectly cooked, the spices are expertly balanced, and the meats are tender and flavorful, making every mouthful a delight.</p>\r\n\r\n<p>Our curries are equally impressive, offering a wide range of options to suit every palate. From the creamy and mild butter chicken to the fiery and robust vindaloo, our curries are crafted with care and precision to ensure that every dish is a true representation of Indian cuisine. The spices are blended to perfection, creating a depth of flavor that is both satisfying and exhilarating. Whether you are a fan of mild and creamy dishes or prefer something with a bit more heat, our curries are sure to please.</p>\r\n\r\n<p>In addition to our biryanis and curries, our menu features a variety of other traditional Indian dishes, each one prepared with the same level of care and attention to detail. Our tandoori dishes, cooked in a traditional clay oven, are a particular favorite, with the meats and vegetables marinated in a blend of yogurt and spices before being cooked to perfection. The result is a dish that is tender, flavorful, and bursting with smoky goodness.</p>\r\n\r\n<p>At Maharaja, we understand that dining is not just about the food, but also about the company and the atmosphere. That&rsquo;s why we go above and beyond to ensure that every visit to our restaurant is a special occasion. Our staff are trained to provide impeccable service, anticipating your needs and ensuring that you have everything you need to enjoy your meal. Whether you are celebrating a special occasion or simply enjoying a night out with friends and family, we strive to make every visit a memorable one.</p>\r\n\r\n<p>We also offer a range of vegetarian and vegan options, ensuring that everyone can enjoy the flavors of India. Our vegetarian dishes are crafted with the same care and attention as our meat dishes, using fresh, locally sourced ingredients to create dishes that are both healthy and delicious. From our creamy paneer tikka masala to our hearty chana masala, our vegetarian options are sure to satisfy even the most discerning of palates.</p>\r\n\r\n<p>In addition to our regular menu, we offer a selection of special dishes and seasonal offerings, ensuring that there is always something new and exciting to try. Our chefs are constantly experimenting with new flavors and techniques, blending traditional recipes with modern culinary trends to create dishes that are innovative and exciting. Whether you are a regular visitor or a first-time guest, there is always something new to discover at Maharaja.</p>\r\n\r\n<p>At Maharaja, we are committed to providing a dining experience that is truly fit for royalty. From the moment you step through our doors, you are treated like a member of the royal court, with every detail designed to make you feel special and appreciated. Our chefs, with their culinary expertise and passion for Indian cuisine, create dishes that are not only delicious but also a celebration of the rich cultural heritage of India.</p>\r\n\r\n<p>So come and join us at Maharaja, and embark on a journey through the flavors of India. Whether you are seeking a taste of tradition or an adventure in gastronomy, our restaurant promises to delight and enchant, leaving you with memories of a dining experience that is truly fit for kings and queens. Indulge in the opulence of Indian cuisine, and let us transport you to a world of culinary royalty, right here in Omaha.</p>','\"[]\"',NULL,NULL,NULL,NULL,NULL,NULL,NULL,'Taste of royalty | Omaha, Nebraska','taste of royalty in omaha, culinary dishes in omaha, spicy food restaurants in omaha','Experience the regal taste of Omaha\'s culinary delights, with spicy food restaurants serving up fiery flavors to satisfy your cravings.',1,5,'2023-12-27 06:18:39','2024-12-23 13:27:37'),(4,1,'Do you like our Chicken Tikka Masala? Checkout our other Chef\'s Recommendations','do-you-like-our-chicken-tikka-masala-checkout-our-other-chefs-recommendations',NULL,'2024-01-02 00:00:00','Chicken-_klrahrrkp.webp','Chicken Tikka Masala',NULL,'<p>At Maharaja, we believe that every bite should be a celebration of flavors. Our culinary journey begins with the undisputed star of our menu &ndash; the Chicken Tikka Masala. A dish that needs no introduction, it has become a favorite among our patrons for its tantalizing blend of spices and succulent tandoor-grilled chicken.&nbsp;</p>\r\n\r\n<p><strong>The Magic of Chicken Tikka Masala</strong></p>\r\n\r\n<p>Our Chicken Tikka Masala is a symphony of flavors that unfolds with each mouthful. The tender chicken, marinated in a secret blend of spices, is meticulously tandoor-grilled to perfection. Bathed in a velvety tomato sauce that&#39;s rich and creamy, it&#39;s a dish that embodies the artistry and dedication of our culinary team.</p>\r\n\r\n<p>Why do we love it? We could talk about the smoky aroma that wafts through the air as the tandoor works its magic or the burst of flavors that explode on your palate with every forkful. But there&#39;s something truly special about the way this dish encapsulates the essence of Indian cuisine &ndash; the perfect balance of spices, textures, and heartwarming goodness.</p>\r\n\r\n<p><strong>Beyond the Star Dish &ndash; Chef&#39;s Recommendations</strong></p>\r\n\r\n<p>While our Chicken Tikka Masala takes center stage, we encourage you to explore further the culinary wonders that our chefs have carefully curated. Our Chef&#39;s Recommendations beckon you to a world of gastronomic delights, from appetizers that tease the taste buds to desserts that provide the sweetest finale to your meal.</p>\r\n\r\n<p>Whether you&#39;re a regular patron or a first-time visitor, we invite you to embark on a culinary adventure at Maharaja. Discover the stories behind each dish, savor the excellence that defines our kitchen, and let your taste buds travel through a symphony of flavors crafted by our skilled chefs.</p>\r\n\r\n<p>So, do you love our Chicken Tikka Masala? Allow us to take you on a journey through the culinary wonders of Maharaja. Explore the Chef&#39;s Recommendations, indulge in the magic of Indian flavors, and let each bite tell a tale of excellence. Join us at Maharaja, where every dish is a masterpiece, and every meal is an invitation to savor the extraordinary.</p>\r\n\r\n<p><strong>Indulge in the Full Maharaja Experience</strong></p>\r\n\r\n<p>At Maharaja, the experience extends beyond just a meal; it is an immersion into the rich and diverse tapestry of Indian cuisine. Each dish is not only a treat for the taste buds but also a glimpse into the culinary traditions that have been honed and perfected over centuries.</p>\r\n\r\n<p>Our menu is designed to offer a royal feast, reminiscent of the opulent banquets of Indian kings and queens. From the moment you sit down, you are treated to a gastronomic experience that is both luxurious and comforting. Start with our selection of appetizers, such as the crispy, flavorful Samosas, or the delicate, spice-infused Prawn Pakoras. Each starter is crafted to awaken your palate and prepare you for the main course.</p>\r\n\r\n<p><strong>Signature Dishes to Savor</strong></p>\r\n\r\n<p>In addition to our famed Chicken Tikka Masala, our menu boasts an array of signature dishes that are sure to delight. The Lamb Rogan Josh, with its tender pieces of lamb cooked in a rich, aromatic sauce, is a favorite among meat lovers. For those who prefer seafood, the Goan Fish Curry offers a delightful blend of spices and coconut milk, capturing the essence of coastal Indian cuisine.</p>\r\n\r\n<p><strong>Vegetarian Delights</strong></p>\r\n\r\n<p>Vegetarians are equally pampered with our extensive selection of vegetarian dishes. The Paneer Butter Masala, featuring soft paneer cubes in a creamy tomato gravy, is a vegetarian&rsquo;s delight. The Chana Masala, a hearty chickpea curry, and the Aloo Gobi, a spiced potato and cauliflower dish, are just a few of the many vegetarian options that showcase the versatility and depth of Indian vegetarian cuisine.</p>\r\n\r\n<p>No meal at Maharaja is complete without indulging in our exquisite desserts. From the rich and creamy Kulfi, a traditional Indian ice cream, to the delicate and syrup-soaked Gulab Jamun, each dessert is a perfect ending to your royal feast. Our dessert menu is designed to satisfy your sweet tooth while offering a taste of India&rsquo;s rich dessert heritage.</p>\r\n\r\n<p><strong>A Toast to Fine Dining</strong></p>\r\n\r\n<p>Complement your meal with our carefully curated selection of wines and beverages. Our knowledgeable staff can recommend the perfect pairing to enhance your dining experience, whether you prefer a robust red wine to accompany your spicy curry or a refreshing lassi to cool your palate.</p>\r\n\r\n<p>At Maharaja, our commitment to excellence extends beyond our food. Our staff is dedicated to providing unparalleled service, ensuring that your dining experience is seamless and memorable. From the moment you enter until the moment you leave, we strive to make you feel like royalty.</p>\r\n\r\n<p><strong>Join Us at Maharaja</strong></p>\r\n\r\n<p>We invite you to join us at Maharaja and experience the true essence of Indian cuisine. Whether you&#39;re dining with family, celebrating a special occasion, or simply indulging in a love for fine food, Maharaja promises a dining experience that is both exceptional and unforgettable. Come, savor the richness of Indian flavors, and let us take you on a culinary journey like no other.</p>\r\n\r\n<p>At Maharaja, every meal is a royal feast, every dish a masterpiece, and every visit is an invitation to savor the extraordinary.</p>','\"[]\"',NULL,NULL,NULL,NULL,NULL,NULL,NULL,'Chicken Tikka Masala Dish | Omaha, Nebraska','Chicken tikka masala in omaha, best signature dish in omaha, food recommendations in omaha','Savor Omaha\'s best: Chicken Tikka Masala, a signature dish that captures the city\'s culinary essence. Explore top food recommendations across Omaha\'s diverse dining scene for a flavorful adventure!',1,3,'2024-01-29 12:57:59','2024-12-23 13:27:32'),(5,1,'The Ultimate Guide to Omaha\'s Finest Dining Restaurants','-the-ultimate-guide-to-omahas-finest-dining-restaurants',NULL,'2024-05-11 00:00:00','2149100122_lmx7ld048.jpg','finest dining restaurant',NULL,'<p>When it comes to exploring Omaha&#39;s dining scene, there&#39;s a fine dining restaurant that&#39;s a real gem, serving up a universe of flavors waiting to be discovered. While Omaha boasts various delicious cuisines, there&#39;s something special about traditional Indian cooking. From aromatic spices to creamy curries, Indian food tantalizes the taste buds and takes you on a culinary journey. Let&#39;s dive into one of Omaha&#39;s top dining establishments and check out the best Food delivery services near Omaha that specialize in traditional Indian cuisine, bringing a taste of India right to the heart of the Midwest.</p>\r\n\r\n<p><strong>Traditional Indian Food:</strong> Nestled in a cozy corner of Omaha, Traditional Indian Cooking stands out as a beacon of authentic Indian flavors. As soon as you step inside, you&#39;re greeted by the inviting aroma of spices, and they even offer <ins><strong><a href=\"https://www.omaharaja.com/our-menu#productcategory-4\">food delivery services near Omaha.</a></strong></ins>&nbsp;</p>\r\n\r\n<p><strong>The Ambiance: </strong>Indian cuisine strikes the perfect balance between elegance and comfort. With its vibrant colors, intricate decor, and soft lighting, the restaurant exudes an inviting atmosphere that encourages diners to relax and savor each moment.</p>\r\n\r\n<p><strong>The Menu: </strong>The heart of Traditional Indian Food lies in its menu, which showcases a tempting array of traditional Indian dishes. From creamy curries to savory delights, each dish is crafted with care and expertise, staying true to the rich culinary heritage of India.</p>\r\n\r\n<p><strong>Starters:</strong> Kick off your culinary journey with a selection of appetizers that awaken the senses. Crispy samosas filled with spiced potatoes, tender chicken tikka marinated in yogurt and spices, and crunchy pakoras made with fresh vegetables are just a few of the delicious options available.</p>\r\n\r\n<p><strong>The Main Courses: </strong>As you progress to the main courses, delicious meals in Omaha await you. Traditional Indian cuisine in Omaha caters to everyone, whether you prefer meaty delicacies or vegetarian delights. Enjoy the creamy goodness of butter chicken, the spicy kick of lamb vindaloo, or the aromatic flavors of paneer tikka masala. Each dish is accompanied by fragrant basmati rice and freshly baked naan bread, perfect for soaking up every bit of sauce.</p>\r\n\r\n<p><strong>Vegetarian Options: </strong>For those who prefer vegetarian fare, Traditional Indian Cooking offers a plethora of options that are sure to satisfy. From hearty chana masala made with chickpeas to creamy dal makhani simmered with lentils, vegetarians will find themselves in a foodie paradise.</p>\r\n\r\n<p><strong>Tandooris:</strong> No visit to Traditional Indian Food would be complete without sampling their tandoori specialties. Cooked in a traditional clay oven, these dishes boast a unique charred flavor and tender texture that&#39;s simply irresistible. For a taste of India&#39;s culinary heritage, try flavorful spicy kebabs, succulent tandoori shrimp, or juicy chicken tikka skewers.</p>\r\n\r\n<p><strong>Desserts: </strong>Round off your meal with a selection of indulgent desserts that provide the perfect sweet ending to your dining experience. Treat yourself to creamy rice pudding infused with cardamom and saffron, decadent gulab jamun drizzled with syrup, or refreshing mango lassi to cool your palate.</p>\r\n\r\n<p><strong>Hospitality: </strong>Beyond the delectable food, what sets traditional Indian cooking apart is its warm hospitality and attentive service. The staff goes above and beyond to ensure that every diner feels welcomed and cared for, creating a truly memorable dining experience that makes us a <ins><a href=\"https://www.omaharaja.com/about-us\"><strong>fine dining restaurant in Omaha</strong></a></ins>.</p>\r\n\r\n<p><strong>Conclusion:</strong> Traditional Indian food in Omaha stands out as one of Omaha&#39;s premier dining establishments, offering a culinary journey through the flavors of India. Every aspect of the restaurant, from its inviting atmosphere to its mouthwatering menu, is designed to transport diners to the bustling streets of India. So, whenever you crave authentic Indian cuisine in Omaha, be sure to visit Indian Cooking for a Delicious Meal in Omaha.</p>','\"[]\"',NULL,NULL,NULL,NULL,NULL,NULL,'Finest Dining Food | Omaha, Nebraska','Finest Dining Food | Omaha, Nebraska','Finest dining restaurant in omaha, indian food in omaha, traditional indian food in omaha, online food delivery services near omaha','Find the finest dining restaurant in Omaha, offering authentic traditional Indian food that captures the rich flavors of India. Enjoy the best Indian food in Omaha with our convenient online food delivery services, bringing exquisite dishes right to your doorstep.',1,2,'2024-05-11 13:19:07','2024-12-23 12:34:56'),(6,2,'Top Catering Services for Events by Maharaja Indian Cuisine in Omaha','top-catering-services-for-events-by-maharaja-indian-cuisine-in-omaha',NULL,'2024-11-10 00:00:00','Untitled-design-(1)_s4zwcu4nz.jpg','indian restaurant in omaha',NULL,'<h2>Make Your Event Memorable with Maharaja Indian Cuisine Catering Services</h2>\r\n<p>We offer a variety of catering services designed to make any event unforgettable. From birthdays to weddings and corporate gatherings to private parties, our team is committed to delivering authentic Indian flavors and exceptional service for all celebrations.</p>\r\n<p><strong>Birthday Parties:</strong></p>\r\n<p>Celebrate your special day with a delicious spread of Indian delicacies from Maharaja Indian Cuisine. Our birthday party catering is designed to bring a festive atmosphere to any celebration. Whether you&rsquo;re hosting a small gathering or a grand event, we have a wide variety of dishes catering to kids and adults. From flavorful curries and aromatic biryanis to delicious vegetarian options, we ensure that everyone at your party enjoys an unforgettable dining experience.</p>\r\n<p><strong>Weddings:</strong></p>\r\n<p>Make your wedding day even more memorable with our comprehensive wedding catering services. At Maharaja Indian Cuisine, we offer a luxurious selection of Indian dishes, from elegant starters to mouthwatering main courses and indulgent desserts. Our wedding catering team will work closely with you to create a customized menu that meets your needs and fits your vision for the big day. With our professional service and beautifully presented food, you can focus on enjoying your celebration while we take care of everything!</p>\r\n<p><strong>Corporate Events:</strong></p>\r\n<p>Need catering for a business meeting, conference, or client event? Maharaja Indian Cuisine provides top-notch corporate catering services that are tailored to your specific needs. From team lunches and business meetings to larger gatherings and seminars, we offer a wide range of options to impress your clients, colleagues, and partners with authentic Indian flavors. Our team will work with you to create a customized menu that highlights our best dishes, ensuring that your event reflects your company&rsquo;s professionalism and commitment to excellence.</p>\r\n<p><strong>Private Parties:</strong></p>\r\n<p>Hosting a private party and looking for something special? At Maharaja Indian Cuisine, we offer customized catering options for all types of private gatherings, from intimate dinners to larger celebrations. Our private party catering services are tailored to meet your specific style and preferences, with dishes prepared fresh and presented beautifully. Whether it\'s an anniversary, birthday, engagement party, or any other celebration, we&rsquo;ll provide the perfect blend of delicious Indian food and exceptional service to make your party truly unforgettable.</p>\r\n<p><strong>Why Choose Maharaja Indian Cuisine for Catering?</strong></p>\r\n<p>When you book our catering services, you&rsquo;re choosing an experience that goes beyond just providing food. At Maharaja Indian Cuisine, we take care of everything, from food preparation and serving to cleanup, so you can focus on enjoying your event. Our chefs use only the freshest ingredients to create authentic Indian dishes that are sure to impress your guests. We&rsquo;re also proud to offer a menu that can be tailored to meet your dietary needs, including vegan, gluten-free, and other options.</p>\r\n<p>Book Your Catering Today! Planning an event with Maharaja Indian Cuisine is simple and stress-free. Just reach out to us to discuss your event details, and we&rsquo;ll help you design a personalized menu that suits your vision. On the day of your event, we take care of everything, so you can relax and enjoy the celebration. Contact us today to learn more about our catering services and how we can help make your event truly special!</p>','\"[]\"',NULL,NULL,NULL,NULL,NULL,NULL,'Expert Tips for Choosing the Best Catering Services | Hassle-Free Events','Expert Tips for Choosing the Best Catering Services | Hassle-Free Events','expert catering tips\r\nhow to choose catering services\r\ncatering for weddings\r\nparty catering ideas\r\ncorporate event catering\r\ncatering menu planning\r\nbest caterers near me\r\nhassle-free catering solutions','Searching for the perfect catering service? Learn how to select the best caterers for weddings, parties, and corporate events. Get expert tips, menu ideas, and more!',1,1,'2024-11-24 08:36:34','2024-12-23 12:34:56'),(7,2,'A Memorable Birthday Party Celebration at Maharaja Restaurant with the Best Traditional Indian Food in Omaha','a-memorable-birthday-party-celebration-at-maharaja-restaurant-with-the-best-traditional-indian-food-in-omaha',NULL,'2024-11-20 00:00:00','1_27dwugbno.jpg','Catering services',NULL,'<p>At Maharaja, we believe that every celebration should be extraordinary, and nothing brings people together quite like exceptional food and a warm, inviting atmosphere. Recently, we had the honor of hosting a birthday party celebration at our restaurant in Omaha, and it was an unforgettable event filled with joy, flavor, and, of course, traditional Indian food in Omaha.</p>\r\n<p>In this blog post, we&rsquo;ll share some highlights from this special birthday celebration at Maharaja Restaurant, showcasing how we blend classic dishes in Omaha with top-tier service to create the perfect dining experience. Whether you\'re celebrating a milestone or simply looking for a unique dining experience, our restaurant offers the best signature food in Omaha that will leave a lasting impression.</p>\r\n<p><strong>Creating the Perfect Ambiance for a Special Occasion </strong></p>\r\n<p>The birthday celebration was held in our spacious, beautifully decorated dining room, designed to create a cozy yet festive atmosphere. The rich colors and elegant Indian d&eacute;cor made the event feel intimate while still providing a sense of grandeur. From the carefully arranged floral centerpieces to the glowing golden accents, every detail reflected the charm and elegance that Maharaja is known for. As guests arrived, they were greeted with the warm hospitality we&rsquo;re proud to offer at our Indian restaurant near Omaha. The vibrant, lively environment combined with the aromas of freshly prepared Indian cuisine made for the perfect setting to celebrate the occasion.</p>\r\n<p><strong>A Feast of the Best Traditional Indian Food in Omaha</strong></p>\r\n<p>At Maharaja, food is at the heart of every celebration. For this birthday party, we curated a custom menu featuring a variety of classic dishes in Omaha. Our team worked closely with the birthday family to ensure the menu reflected their favorite flavors and included a mix of traditional favorites, as well as signature food in Omaha that would please every palate.</p>\r\n<p>Guests began with an array of appetizers, each bursting with the bold flavors and spices that are the hallmark of traditional Indian food in Omaha:</p>\r\n<p><strong>Samosas:</strong> These crispy golden pockets filled with spiced potatoes and peas were a hit with all the guests.</p>\r\n<p><strong>Paneer Tikka:</strong> Marinated paneer cubes grilled to perfection, offering a smoky flavor with every bite.</p>\r\n<p><strong>Chicken Pakoras:</strong> Tender chicken pieces, seasoned with aromatic spices and coated in chickpea flour, then deep-fried to a crispy perfection. These appetizers were just the beginning. The main course showcased some of our best signature food in Omaha, including:</p>\r\n<p><strong>Butter Chicken:</strong> A rich, creamy curry made with succulent chicken pieces in a flavorful tomato gravy. This dish is a classic in Omaha and a favorite of both locals and visitors alike.</p>\r\n<p><strong>Lamb Rogan Josh:</strong> Slow-cooked lamb in a fragrant, spiced gravy, offering a taste of traditional Kashmiri cuisine.</p>\r\n<p>Vegetable Biryani: Fragrant basmati rice mixed with aromatic spices and seasonal vegetables&mdash;this dish is both hearty and full of flavor. Dal Makhani: A comforting, slow-cooked dish of black lentils and kidney beans, simmered with butter and cream for a rich and velvety texture. Our Tandoori Platters, including Tandoori Chicken, Seekh Kebabs, and grilled vegetables, provided the perfect smoky touch to the menu. For sides, we served Naan (Indian flatbread) and Aloo Gobi (potatoes and cauliflower), ensuring there was something for everyone. To complete the meal, guests enjoyed a mix of Indian sweets alongside a traditional birthday cake. Among the favorites were Gulab Jamun (syrup-soaked dough balls) and Kheer (creamy rice pudding), which added the perfect touch of sweetness to the evening.</p>\r\n<p><strong>Professional Service for a Seamless Celebration</strong></p>\r\n<p>At Maharaja, we pride ourselves on delivering exceptional service. Our team was there to make sure everything went smoothly, from the moment guests arrived until the very last bite of dessert. For this birthday celebration, we offered full-service catering, handling everything from setup to cleanup, allowing the family to relax and enjoy their time together.</p>\r\n<p>Our staff was attentive and professional, ensuring guests had everything they needed while creating an atmosphere of comfort and warmth. Whether it was explaining the ingredients in our classic dishes in Omaha or refilling water glasses, our team was dedicated to making the birthday party an unforgettable experience.</p>\r\n<p><strong>Adding Extra Fun with Live Music: </strong>To make the birthday party even more special, we arranged for light live Indian music, adding a cultural touch that enhanced the festive atmosphere. The soothing classical tunes created the perfect background, making the dining experience feel both relaxed and celebratory. Guests mingled, enjoyed their meals, and even danced to the rhythms of live Indian instruments as the evening progressed.</p>\r\n<p><strong>The Feedback:</strong> A Celebration to Remember The birthday celebration was a resounding success, and the feedback from guests was overwhelmingly positive. Many mentioned how impressed they were with the quality and variety of dishes, as well as the warm hospitality. One guest even said, &ldquo;I&rsquo;ve never tasted Indian food quite like this before! The best signature food in Omaha&mdash;every dish was absolutely delicious, and the service was top-notch!&rdquo;</p>\r\n<p>The birthday family was pleased with how the event unfolded. They expressed their gratitude for the attention to detail, the personalized touches, and the seamless experience that made their celebration so memorable.</p>\r\n<p><strong>Host Your Own Birthday Party or Special Event at Maharaja:</strong> If you\'re planning a birthday celebration or any other special event, Maharaja is the perfect venue for creating lasting memories. We offer customizable menus, a beautiful ambiance, and the best of traditional Indian food in Omaha. Whether it&rsquo;s a small family gathering or a large event, we can cater to all your needs and ensure that your special day is nothing short of spectacular.</p>\r\n<p>Looking for an Indian restaurant near Omaha to host your next event? Contact us today to book your celebration at Maharaja Restaurant, where delicious food and exceptional service come together to make every moment unforgettable.</p>','\"[]\"',NULL,NULL,NULL,NULL,NULL,NULL,'Top Catering Services for Every Occasion | Customize Your Menu Today','Top Catering Services for Every Occasion | Customize Your Menu Today','catering services\r\ntop catering companies\r\nevent catering\r\ncustomized catering menus\r\nwedding catering\r\ncorporate catering solutions\r\nparty catering\r\nbest catering options near me','Discover the best catering services for weddings, parties, and corporate events. Explore customized menus, dietary options, and hassle-free event planning with our expert catering team.',1,7,'2024-12-09 12:36:19','2024-12-23 13:27:38'),(8,3,'Why Maharaja Indian Cuisine Stands Out as One of the Premier Restaurants in Omaha?','why-maharaja-indian-cuisine-stands-out-as-one-of-the-premier-restaurants-in-omaha',NULL,'2025-02-03 00:00:00','WhatsApp-Image-2024-11-09-at-12.12.13-PM_11zon_p9q0kabbz_lca5878su.webp','indian restaurant in omaha',NULL,'<p data-pm-slice=\"1 1 []\">If you find yourself in Omaha and are seeking a distinctive dining experience, look no further than Maharaja Indian Cuisine. With a delightful combination of genuine Indian flavors and a friendly, inviting ambiance, it&rsquo;s easy to see why Maharaja has secured its reputation as one of the top restaurants in Omaha. Whether you are a long-time local or just visiting, a meal at Maharaja guarantees an unforgettable experience that will leave you eager to return.</p>\r\n<h2>Genuine Indian Flavors in the Heart of Omaha</h2>\r\n<p>One of the primary factors that contribute to Maharaja Indian Cuisine being recognized as one of the finest dining spots in Omaha is our unwavering dedication to authenticity. Indian cuisine is celebrated for its bold tastes and vibrant spices, and we bring these characteristics to life in every dish we prepare. Whether you have a craving for a creamy Butter Chicken, a fiery Vindaloo, or a fragrant Biryani, our menu is designed to cater to all palates.</p>\r\n<p>We take great pride in sourcing high-quality, fresh ingredients. Each dish is meticulously crafted with care and precision, ensuring that every bite bursts with flavor. At Maharaja Indian Cuisine, we believe that food should not only be delicious but also nourishing for the body. This is why we utilize only the finest ingredients, from succulent cuts of meat to fresh vegetables and aromatic spices.</p>\r\n<p>For those who are new to Indian cuisine, our knowledgeable staff is ready to assist you in navigating our diverse menu. If you&rsquo;re in the mood for something light, consider trying our crispy Samosas or Aloo Tikki, which make for excellent snacks or appetizers. For a more substantial meal, you can&rsquo;t go wrong with our renowned Chicken Tikka Masala, Lamb Rogan Josh, or vegetarian-friendly selections like Chana Masala or Palak Paneer. Whether you desire something rich and creamy or spicy and tangy, we have options to satisfy your cravings.</p>\r\n<h2>A Cozy and Welcoming Dining Atmosphere</h2>\r\n<p>In addition to offering some of the finest food in Omaha, Maharaja Indian Cuisine is also celebrated for its warm and inviting atmosphere. We recognize that dining out is about more than just the food&mdash;it&rsquo;s about the overall experience. That&rsquo;s why we have designed a space where guests can unwind, savor delicious food, and enjoy quality time with family and friends.</p>\r\n<p>Our restaurant features a blend of traditional Indian decor and a cozy, modern ambiance, making it an ideal venue for any occasion. Whether you&rsquo;re stopping by for a casual lunch with colleagues or celebrating a special dinner with loved ones, we provide the perfect setting for both. Our friendly staff ensures that you feel at home, and we are always eager to help you select the ideal meal to match your preferences.</p>\r\n<p>For those in search of sit-down restaurants in Omaha, Maharaja is the perfect destination. Whether you&rsquo;re looking for a tranquil dinner or a festive meal, we offer a variety of seating arrangements that will enhance your experience. With our attentive staff, you can rest assured that you will always be well taken care of.</p>\r\n<h2>Ideal for Any Occasion</h2>\r\n<p>Another reason Maharaja Indian Cuisine shines in Omaha is its versatility. We cater to a wide range of occasions, from casual dinners to special events. If you&rsquo;re searching for restaurants near you in Omaha, Maharaja is perfect for both intimate gatherings and larger celebrations. Whether you&rsquo;re organizing a birthday party, a family reunion, or a business dinner, we can easily accommodate your needs.</p>\r\n<p>Our extensive menu guarantees that everyone will find something to enjoy. For meat enthusiasts, we offer hearty tandoori dishes and flavorful curries. For vegetarians, we provide a variety of options brimming with fresh, healthy ingredients. Additionally, for those with dietary restrictions, we have gluten-free and vegan choices that are just as flavorful and satisfying as the rest of our offerings.</p>\r\n<p>At Maharaja Indian Cuisine, we believe that great food brings people together. That&rsquo;s why we ensure that every dish is prepared with love and care, making every dining experience memorable. Whether you\'re looking for a quick lunch, a relaxing dinner, or a celebratory meal, our doors are always open to welcome you.</p>\r\n<h2>Savor Maharaja Indian Cuisine From the Comfort of Home</h2>\r\n<p>We understand that sometimes, enjoying a meal at home can be just as appealing as dining out. That&rsquo;s why we provide takeout and delivery services, allowing you to relish our exceptional food in Omaha wherever you may be. Simply place an order online or give us a call, and we&rsquo;ll have your meal ready for pickup or delivered straight to your doorstep.</p>\r\n<p>Whether you&rsquo;re enjoying a quiet dinner at home or hosting a gathering, Maharaja is the perfect option for bringing the rich flavors of India to you. Our takeout menu features a wide array of dishes, from curries and biryanis to appetizers and sides, enabling you to enjoy a complete meal without stepping outside.</p>\r\n<p>For those searching for \"food near me Omaha\" or \"best restaurants Omaha NE,\" Maharaja Indian Cuisine offers an exceptional solution. Our goal is to bring restaurant-quality meals to your home, ensuring that you don&rsquo;t have to compromise on flavor or quality, no matter where you choose to dine.</p>\r\n<h2>Customer Reviews: What People Love About Maharaja Indian Cuisine</h2>\r\n<p>Our customers are at the heart of everything we do. The positive reviews we receive are a testament to our commitment to excellence. Many diners rave about the rich flavors, generous portions, and exceptional service that make every visit special.</p>\r\n<p>Here are some things our customers frequently praise:</p>\r\n<ul data-spread=\"false\">\r\n<li>\r\n<p><strong>Authentic Flavors:</strong> Guests appreciate how our dishes stay true to traditional Indian recipes while incorporating the freshest ingredients.</p>\r\n</li>\r\n<li>\r\n<p><strong>Welcoming Atmosphere:</strong> Many visitors love the warm and cozy environment, perfect for dining with family and friends.</p>\r\n</li>\r\n<li>\r\n<p><strong>Great Value:</strong> Our portions are generous, ensuring that every meal is both satisfying and worth the price.</p>\r\n</li>\r\n<li>\r\n<p><strong>Friendly Staff:</strong> Our team is always happy to help, whether it&rsquo;s recommending dishes or accommodating dietary preferences.</p>\r\n</li>\r\n</ul>\r\n<h2>Experience the Best of Omaha Dining at Maharaja Indian Cuisine</h2>\r\n<p>When it comes to discovering the best restaurants in Omaha, Nebraska, Maharaja Indian Cuisine is an essential stop. We offer delectable, authentic Indian cuisine in a welcoming and comfortable setting. Whether you&rsquo;re a newcomer to Indian food or a long-time aficionado, we have something to delight everyone.</p>\r\n<p>Our passion for food and hospitality drives us to continually provide an outstanding dining experience. From the moment you walk through our doors, you&rsquo;ll be greeted with warmth and treated to a culinary adventure that highlights the best of Indian cuisine. Our commitment to using high-quality ingredients, authentic recipes, and attentive service makes us a standout choice among Omaha restaurants.</p>\r\n<p>So, the next time you&rsquo;re searching for \"best places to eat in Omaha,\" \"nice restaurants in Omaha NE,\" or \"best dining in Omaha,\" remember that Maharaja Indian Cuisine offers an experience unlike any other. Whether you choose to dine in with us or enjoy our dishes from the comfort of your home, we promise a meal that is packed with flavor, tradition, and heart.</p>\r\n<p>If you haven&rsquo;t yet experienced the magic of Maharaja Indian Cuisine, we invite you to visit us and discover why we are one of the premier dining destinations in Omaha. Come for the food, stay for the experience, and leave with memories that will have you coming back for more!</p>\r\n<p>&nbsp;</p>','\"[]\"',NULL,NULL,NULL,NULL,NULL,NULL,'Why Maharaja Indian Cuisine is Among the Best Restaurants in Omaha','Maharaja Indian Cuisine | A Top Indian Restaurant in Omaha','Indian restaurant in Omaha, best Indian food Omaha, Maharaja Indian Cuisine, top restaurants in Omaha, authentic Indian cuisine Omaha','Let\'s see why Maharaja Indian Cuisine is one of the best Indian restaurants in Omaha. From authentic flavors to a warm ambiance, experience true Indian dining!',1,NULL,'2025-02-03 12:03:57','2025-02-05 03:53:01'),(9,3,'Taste the Unseen Side of Fine Dining at Maharaja Indian Cuisine','taste-the-unseen-side-of-fine-dining-at-maharaja-indian-cuisine',NULL,'2025-02-04 00:00:00','IMG_4092_i5x49c4mn.webp','Fine dining food',NULL,'<p>When you think of fine dining, what comes to mind? Luxurious settings, impeccable service, and exceptional food, right? But what if we told you that at Maharaja Indian Cuisine, fine dining is not just about the food&mdash;it&rsquo;s about an unforgettable experience that takes you beyond the ordinary? Here, we&rsquo;re redefining what it means to dine in style by bringing you the unseen side of fine dining&mdash;a journey that combines authentic Indian flavors, a warm atmosphere, and personal touches that make each visit a special occasion.</p>\r\n<h2>A Fine Dining Experience Like No Other</h2>\r\n<p>At Maharaja, we believe that dining should be more than just a meal. It should be an experience that tantalizes all your senses. From the moment you step into our restaurant, you&rsquo;ll feel the difference. Our elegant d&eacute;cor blends modern luxury with traditional Indian design, creating a sophisticated yet inviting ambiance that makes you feel like you\'re entering a new world of flavors and aromas.</p>\r\n<p>But what truly sets us apart isn&rsquo;t just the setting; it&rsquo;s the commitment to authenticity and flavor. Our chefs work tirelessly to craft each dish with the finest ingredients and traditional cooking techniques, ensuring that every bite takes you on a journey through the rich culinary heritage of India. Whether it&rsquo;s the smoky flavors from our tandoor oven or the aromatic spices infused into every curry, Maharaja&rsquo;s fine dining is an adventure for your taste buds.</p>\r\n<h2>The Art of Indian Flavors in Every Dish</h2>\r\n<p>Indian cuisine is known for its bold, vibrant flavors, and at Maharaja, we bring those flavors to life like no other. Every dish is carefully prepared with a balance of spices that sing on your palate. Our signature dishes, like the rich and creamy Butter Chicken or the fiery Lamb Vindaloo, are just a few examples of how we infuse our dishes with a perfect mix of spices and ingredients that are rich in history and culture.</p>\r\n<p>But the unseen side of fine dining is the variety we offer. While many fine dining restaurants stick to familiar, well-known dishes, Maharaja takes it a step further. We proudly showcase the diverse regions of India through our menu, offering dishes that are as unique as the country itself. Whether you&rsquo;re in the mood for a fiery North Indian curry or a delicately spiced South Indian dosa, our menu has something to satisfy every craving.</p>\r\n<h2>Fresh Ingredients and Traditional Cooking</h2>\r\n<p>We believe in serving only the best, which is why we use only the freshest, highest-quality ingredients. From hand-picked vegetables to the finest cuts of meat, every ingredient is carefully selected to ensure it meets our high standards. Our commitment to freshness goes hand-in-hand with the traditional cooking methods we employ. Tandoori dishes, slow-cooked curries, and freshly baked naan are just a few examples of how we bring Indian culinary traditions to life.</p>\r\n<p>The unseen side of fine dining isn&rsquo;t just about extravagant ingredients; it&rsquo;s about creating something truly exceptional from the simplest of elements. At Maharaja, we combine freshness, tradition, and innovation to deliver an unforgettable dining experience.</p>\r\n<h2>A Warm, Inviting Atmosphere</h2>\r\n<p>Fine dining doesn&rsquo;t always have to be cold and distant. At Maharaja, we pride ourselves on offering an atmosphere that&rsquo;s warm, welcoming, and comfortable&mdash;a place where you can relax, indulge, and enjoy your meal without the stiffness that often comes with fine dining establishments. Whether you&rsquo;re celebrating a special occasion, enjoying a quiet dinner with friends, or simply looking to enjoy a meal after a busy day, our restaurant is designed to make you feel at home.</p>\r\n<p>Our friendly, knowledgeable staff is always on hand to guide you through the menu, offer pairing suggestions, and ensure that every part of your dining experience exceeds expectations. You won&rsquo;t find any rigid formalities here&mdash;just an authentic and enjoyable atmosphere that makes every meal feel like a personal celebration.</p>\r\n<h2>A Personal Touch in Every Meal</h2>\r\n<p>The unseen side of fine dining isn&rsquo;t just about what&rsquo;s on the plate; it&rsquo;s about the personal touches that make each meal unique. From customized spice levels to special requests for dietary preferences, we go the extra mile to cater to your individual needs. We also offer special events and private dining experiences, so you can enjoy our fine dining offerings in a more intimate setting.</p>\r\n<p>Whether it&rsquo;s a surprise birthday celebration, a romantic date, or a corporate dinner, Maharaja is here to make your occasion truly memorable.</p>\r\n<h2>Take Maharaja&rsquo;s Fine Dining Experience Home</h2>\r\n<p>Sometimes, life gets busy, and dining out may not always be an option. But don&rsquo;t worry&mdash;Maharaja&rsquo;s fine dining experience can come to you. With our convenient takeout and delivery services, you can enjoy our mouthwatering dishes from the comfort of your home. Whether you&rsquo;re hosting a dinner party or just craving a relaxing meal at home, we&rsquo;ll bring the restaurant experience to you.</p>\r\n<h2>Why Maharaja&rsquo;s Fine Dining Is Worth Exploring</h2>\r\n<p>Maharaja Indian Cuisine is about more than just food; it&rsquo;s about creating an experience that&rsquo;s unforgettable. From the authentic, flavorful dishes to the welcoming, comfortable atmosphere, every detail is designed to make your dining experience truly special. If you&rsquo;ve been searching for something more than your usual dining options, Maharaja offers an exploration into the unseen side of fine dining.</p>\r\n<p>So why not treat yourself? Come experience Maharaja&rsquo;s fine dining, and see what makes us different. We can&rsquo;t wait to serve you and share the magic of Indian cuisine with you&mdash;one unforgettable meal at a time.</p>','\"[]\"',NULL,NULL,NULL,NULL,NULL,NULL,'Experience a Unique Fine Dining Journey at Maharaja Indian Cuisine','Our unseen tastes | Maharaja Indian Cuisine','fine dining in Omaha, best Indian restaurant Omaha, Maharaja Indian Cuisine, unique dining experience, Indian fine dining Omaha','Discover the unseen side of fine dining at Maharaja Indian Cuisine. Indulge in authentic Indian flavors, elegant ambiance, and a one-of-a-kind culinary journey!',1,NULL,'2025-02-04 10:27:21','2025-02-05 04:00:59');
/*!40000 ALTER TABLE `blog_posts` ENABLE KEYS */;
UNLOCK TABLES;

--
-- Table structure for table `clientele_categories`
--

DROP TABLE IF EXISTS `clientele_categories`;
/*!40101 SET @saved_cs_client     = @@character_set_client */;
/*!50503 SET character_set_client = utf8mb4 */;
CREATE TABLE `clientele_categories` (
  `id` bigint unsigned NOT NULL AUTO_INCREMENT,
  `name` varchar(255) COLLATE utf8mb4_unicode_ci NOT NULL,
  `display_name` varchar(255) COLLATE utf8mb4_unicode_ci DEFAULT NULL,
  `tagline` text COLLATE utf8mb4_unicode_ci,
  `icon` varchar(255) COLLATE utf8mb4_unicode_ci DEFAULT NULL,
  `type` varchar(255) COLLATE utf8mb4_unicode_ci DEFAULT NULL,
  `created_at` timestamp NULL DEFAULT NULL,
  `updated_at` timestamp NULL DEFAULT NULL,
  PRIMARY KEY (`id`)
) ENGINE=InnoDB AUTO_INCREMENT=8 DEFAULT CHARSET=utf8mb4 COLLATE=utf8mb4_unicode_ci;
/*!40101 SET character_set_client = @saved_cs_client */;

--
-- Dumping data for table `clientele_categories`
--

LOCK TABLES `clientele_categories` WRITE;
/*!40000 ALTER TABLE `clientele_categories` DISABLE KEYS */;
INSERT INTO `clientele_categories` VALUES (2,'Our Popular Dishes','Our Popular Dishes',NULL,NULL,'our-popular-dishes','2024-02-08 12:15:20','2024-02-08 12:15:20'),(6,'Other Blogs','Visit Our Other Blogs',NULL,NULL,'other-blogs','2024-12-24 07:48:24','2025-01-10 07:29:54');
/*!40000 ALTER TABLE `clientele_categories` ENABLE KEYS */;
UNLOCK TABLES;

--
-- Table structure for table `clienteles`
--

DROP TABLE IF EXISTS `clienteles`;
/*!40101 SET @saved_cs_client     = @@character_set_client */;
/*!50503 SET character_set_client = utf8mb4 */;
CREATE TABLE `clienteles` (
  `id` bigint unsigned NOT NULL AUTO_INCREMENT,
  `clientele_category_id` bigint unsigned NOT NULL,
  `image` varchar(255) COLLATE utf8mb4_unicode_ci DEFAULT NULL,
  `image_alt_text` varchar(255) COLLATE utf8mb4_unicode_ci DEFAULT NULL,
  `title` varchar(255) COLLATE utf8mb4_unicode_ci DEFAULT NULL,
  `sub_title` text COLLATE utf8mb4_unicode_ci,
  `url` varchar(255) COLLATE utf8mb4_unicode_ci DEFAULT NULL,
  `new_window` tinyint DEFAULT NULL,
  `publish` tinyint NOT NULL DEFAULT '1',
  `sort` bigint unsigned DEFAULT NULL,
  `created_at` timestamp NULL DEFAULT NULL,
  `updated_at` timestamp NULL DEFAULT NULL,
  PRIMARY KEY (`id`),
  KEY `clienteles_clientele_category_id_foreign` (`clientele_category_id`),
  CONSTRAINT `clienteles_clientele_category_id_foreign` FOREIGN KEY (`clientele_category_id`) REFERENCES `clientele_categories` (`id`)
) ENGINE=InnoDB AUTO_INCREMENT=10 DEFAULT CHARSET=utf8mb4 COLLATE=utf8mb4_unicode_ci;
/*!40101 SET character_set_client = @saved_cs_client */;

--
-- Dumping data for table `clienteles`
--

LOCK TABLES `clienteles` WRITE;
/*!40000 ALTER TABLE `clienteles` DISABLE KEYS */;
INSERT INTO `clienteles` VALUES (3,2,'samosa-2023-11-27-05-12-54-utc-(1)_knjjeqx8u.webp','veg samosa image','VEG SAMOSA','crispy turnover with potatoes, peas, spices and served with chutney','$7.49',0,1,NULL,'2024-02-15 11:24:25','2024-02-15 13:28:37'),(4,2,'Untitled-design-_3__ccl0egfk3.webp','chicken tikka masala img','CHICKEN TIKKA MASALA','Boneless chicken marinated in yogurt with herbs & spices','$17.49',0,1,NULL,'2024-02-15 13:13:49','2024-02-16 09:37:32'),(5,2,'Untitled-3_kmbsipyzl.webp','butter naan img','BUTTER NAAN','Soft, buttery naan: A perfect Indian bread delicacy.','$3.49',0,1,NULL,'2024-02-15 13:17:26','2024-02-16 09:09:46'),(6,2,'LAMB_sn12waqg0.webp','lamb korma img','LAMB KORMA','Lamb Korma: Rich, aromatic Indian curry for delightful meals.','$18.49',0,1,NULL,'2024-02-15 13:25:45','2024-02-15 13:28:45'),(7,2,'Gulab-jamun_sfk6lqt8e.webp','gulab jamun','GULAB JAMUN','Sweet, syrupy Gulab Jamun: Indian dessert perfection in every bite.','$6.49',0,1,NULL,'2024-02-15 13:26:53','2024-02-16 08:50:44'),(8,6,NULL,'blog','Explore Biryani Bliss at Omaha\'s Maharaja Indian Cuisine',NULL,'https://www.lozafina.com/community/explore-biryani-bliss-at-omahas-maharaja-indian-cuisine',0,1,NULL,'2024-12-26 06:54:25','2024-12-30 09:47:50'),(9,6,NULL,NULL,'We’re Proud to Be the Best Indian Restaurants in Omaha!',NULL,'https://penzu.com/public/48576271c41dc783',1,1,NULL,'2025-06-29 09:18:31','2025-06-29 09:18:31');
/*!40000 ALTER TABLE `clienteles` ENABLE KEYS */;
UNLOCK TABLES;

--
-- Table structure for table `cms`
--

DROP TABLE IF EXISTS `cms`;
/*!40101 SET @saved_cs_client     = @@character_set_client */;
/*!50503 SET character_set_client = utf8mb4 */;
CREATE TABLE `cms` (
  `id` bigint unsigned NOT NULL AUTO_INCREMENT,
  `title` varchar(255) COLLATE utf8mb4_unicode_ci NOT NULL,
  `slug` varchar(255) COLLATE utf8mb4_unicode_ci NOT NULL,
  `parent` varchar(255) COLLATE utf8mb4_unicode_ci NOT NULL,
  `type` varchar(255) COLLATE utf8mb4_unicode_ci NOT NULL,
  `custom_url` varchar(255) COLLATE utf8mb4_unicode_ci DEFAULT NULL,
  `banner_image` varchar(255) COLLATE utf8mb4_unicode_ci DEFAULT NULL,
  `banner_image_alt_text` varchar(255) COLLATE utf8mb4_unicode_ci DEFAULT NULL,
  `banner_title` varchar(255) COLLATE utf8mb4_unicode_ci DEFAULT NULL,
  `banner_tagline` varchar(255) COLLATE utf8mb4_unicode_ci DEFAULT NULL,
  `short_description` varchar(255) COLLATE utf8mb4_unicode_ci DEFAULT NULL,
  `content` text COLLATE utf8mb4_unicode_ci,
  `gallery` text COLLATE utf8mb4_unicode_ci,
  `main_menu` tinyint NOT NULL DEFAULT '0',
  `top_menu` tinyint NOT NULL DEFAULT '0',
  `side_menu` tinyint NOT NULL DEFAULT '0',
  `footer_menu` tinyint NOT NULL DEFAULT '0',
  `seo_title` text COLLATE utf8mb4_unicode_ci,
  `seo_keywords` text COLLATE utf8mb4_unicode_ci,
  `seo_description` text COLLATE utf8mb4_unicode_ci,
  `publish` tinyint NOT NULL DEFAULT '1',
  `sort` bigint unsigned DEFAULT NULL,
  `created_at` timestamp NULL DEFAULT NULL,
  `updated_at` timestamp NULL DEFAULT NULL,
  PRIMARY KEY (`id`)
) ENGINE=InnoDB AUTO_INCREMENT=16 DEFAULT CHARSET=utf8mb4 COLLATE=utf8mb4_unicode_ci;
/*!40101 SET character_set_client = @saved_cs_client */;

--
-- Dumping data for table `cms`
--

LOCK TABLES `cms` WRITE;
/*!40000 ALTER TABLE `cms` DISABLE KEYS */;
INSERT INTO `cms` VALUES (3,'Our Menu','our-menu','root','customurl','/our-menu',NULL,NULL,NULL,NULL,NULL,NULL,'[]',1,0,0,1,'Explore Our Indian Menu | Best Indian Restaurant in Omaha','indian food omaha, indian menu omaha, food near me, best restaurants omaha','Browse the Maharaja Indian Cuisine menu — tandoori, curries, and biryanis made fresh daily.',1,3,'2023-12-27 03:26:00','2025-08-18 11:32:59'),(5,'About Us','about-us','root','pageview',NULL,NULL,NULL,NULL,NULL,NULL,'<section class=\"about-page\">\r\n<div class=\"container\">\r\n<div class=\"row align-items-center justify-content-around  about-page-top\">\r\n<div class=\"col-md-4 \"><img class=\"rounded shadow-3d img-fluid w-100\" src=\"../../../images/media/4EP_Maharaja-049-min-(1)_ltz9fbkh4.jpg\" alt=\"Traditional Indian food image\"></div>\r\n<div class=\"col-md-7\">\r\n<h2 class=\"section-title\">Traditional Indian Food in Omaha</h2>\r\n<p>Welcome to Maharaja, where we\'ve been proudly serving authentic Indian cuisine for over a decade. Nestled in the heart of Omaha, our restaurant offers a culinary journey that celebrates the vibrant tapestry of Indian flavors and culinary traditions.</p>\r\n<p>At Maharaja, we invite you to explore our menu, meticulously crafted to showcase the diverse range of dishes from our culinary heritage.&nbsp;Whether you\'re craving something traditional or eager to explore something new, Maharaja promises an unforgettable dining experience that delights the senses and nourishes the soul.&nbsp;</p>\r\n<a class=\"smooth-scroll btn  btn-secondary\" title=\"Exploring biryani bliss at Omaha\'s Maharaja Indian Cuisine\" href=\"https://www.lozafina.com/community/explore-biryani-bliss-at-omahas-maharaja-indian-cuisine\" aria-label=\"Read more about exploring biryani bliss at Omaha\'s Maharaja Indian Cuisine\">Know More</a></div>\r\n</div>\r\n</div>\r\n</section>','[]',1,0,0,1,'Learn About Maharaja Indian Cuisine | Best Indian Restaurant Omaha','authentic indian restaurant omaha, indian food omaha, indian restaurants near me, best food omaha','Find Maharaja Indian Cuisine, a family-run Indian restaurant in Omaha serving authentic flavors. Your go-to spot for “Indian restaurants near Omaha.',1,2,'2023-12-28 06:17:20','2025-10-04 22:38:33'),(6,'Contact','contact','root','customurl','/contact',NULL,NULL,NULL,NULL,NULL,NULL,'[]',1,0,0,1,'Contact Maharaja Indian Cuisine – Indian Restaurant in Omaha','indian restaurant omaha, restaurants in omaha, food near me open now','Visit Maharaja Indian Cuisine in Omaha today. Get directions, view hours, or call to place an order. Conveniently located for locals and travelers searching for restaurants near me open now or the best Indian food nearby.',1,5,'2023-12-28 06:17:46','2025-08-18 11:38:13'),(7,'Blog','blog','root','pageview',NULL,NULL,NULL,NULL,NULL,NULL,NULL,'[]',1,0,0,1,'Indian Food Blog – Maharaja Indian Cuisine Omaha','indian food omaha, places to eat omaha, best restaurants omaha','Read our Indian food blog for cooking tips, spice insights, and Omaha dining recommendations. Maharaja Indian Cuisine is a trusted guide for anyone searching for Indian restaurants nearby, places to eat in Omaha, or the best Indian food nearby.',1,6,'2024-01-29 11:37:01','2025-08-18 11:41:43'),(8,'Home','home','root','customurl','/home',NULL,NULL,NULL,NULL,NULL,NULL,'[]',0,0,0,0,'Best Indian Food in Omaha | Maharaja Indian Cuisine Restaurant','indian restaurant in omaha, indian food omaha, best indian cuisine omaha, restaurants near me, places to eat omaha','Craving Indian food in Omaha? Visit Maharaja Indian Cuisine for rich curries, fresh naan, and flavorful spices',1,1,'2024-03-19 11:52:46','2025-08-18 11:28:42'),(9,'Sitemap.xml','sitemapxml','root','pageview',NULL,NULL,NULL,NULL,NULL,NULL,'<div style=\"background: #000; color: #fff; padding: 5px; font: 14px \'Arial\', Tahoma, sans-serif; min-height: 100%;\">\r\n<table style=\"width: 80%; margin: 0 auto;\">\r\n<tbody>\r\n<tr>\r\n<td style=\"padding: .5em;\" colspan=\"4\"><a style=\"display: block; padding: .5em; font-size: 1em; text-decoration: none; color: #fff; border: 1px solid #ccc; border-radius: 3px; background: #333; text-align: center;\" href=\"../../../\">Home page</a></td>\r\n</tr>\r\n<tr>\r\n<td style=\"padding: .5em;\" colspan=\"1\"><a style=\"display: block; padding: .5em; font-size: 1em; text-decoration: none; color: #fff; border: 1px solid #ccc; border-radius: 3px; background: #333; text-align: center;\" href=\"../../../our-menu\">Our Menu</a></td>\r\n<td style=\"padding: .5em;\" colspan=\"1\"><a style=\"display: block; padding: .5em; font-size: 1em; text-decoration: none; color: #fff; border: 1px solid #ccc; border-radius: 3px; background: #333; text-align: center;\" href=\"../../../about-us\">About Us</a></td>\r\n<td style=\"padding: .5em;\" colspan=\"1\"><a style=\"display: block; padding: .5em; font-size: 1em; text-decoration: none; color: #fff; border: 1px solid #ccc; border-radius: 3px; background: #333; text-align: center;\" href=\"../../../contact\">Contact</a></td>\r\n<td style=\"padding: .5em;\" colspan=\"1\"><a style=\"display: block; padding: .5em; font-size: 1em; text-decoration: none; color: #fff; border: 1px solid #ccc; border-radius: 3px; background: #333; text-align: center;\" href=\"../../../blog/what-stories-do-our-dishes-tell\">Blog</a></td>\r\n</tr>\r\n<tr>\r\n<td colspan=\"1\"><!-- Empty cell under Our Menu --></td>\r\n<td colspan=\"1\"><!-- Empty cell under Our Menu --></td>\r\n<td colspan=\"1\"><!-- Empty cell under Our Menu --></td>\r\n<td style=\"padding-top: 1em;\" colspan=\"1\"><a style=\"display: block; padding: .5em; font-size: 1em; text-decoration: none; color: #fff; border: 1px solid #ccc; border-radius: 3px; background: #333;\" href=\"../../../blog/what-stories-make-our-signature-dishes-truly-unforgettable\">Best signature dish</a></td>\r\n</tr>\r\n<tr>\r\n<td colspan=\"1\"><!-- Empty cell under Our Menu --></td>\r\n<td colspan=\"1\"><!-- Empty cell under Our Menu --></td>\r\n<td colspan=\"1\"><!-- Empty cell under Our Menu --></td>\r\n<td colspan=\"1\"><a style=\"display: block; padding: .5em; font-size: 1em; text-decoration: none; color: #fff; border: 1px solid #ccc; border-radius: 3px; background: #333;\" href=\"../../../blog/looking-for-a-taste-of-royalty-in-omaha-who-else-but-maharaja\">Taste of royalty</a></td>\r\n</tr>\r\n<tr>\r\n<td colspan=\"1\"><!-- Empty cell under Our Menu --></td>\r\n<td colspan=\"1\"><!-- Empty cell under Our Menu --></td>\r\n<td colspan=\"1\"><!-- Empty cell under Our Menu --></td>\r\n<td colspan=\"1\"><a style=\"display: block; padding: .5em; font-size: 1em; text-decoration: none; color: #fff; border: 1px solid #ccc; border-radius: 3px; background: #333;\" href=\"../../../blog/do-you-like-our-chicken-tikka-masala-checkout-our-other-chefs-recommendations\">Chicken Tikka Masala Dish</a></td>\r\n</tr>\r\n</tbody>\r\n</table>\r\n</div>','[]',0,0,0,0,'Website Sitemap | Maharaja Indian Cuisine in Omaha','sitemap omaha restaurant, maharaja indian cuisine sitemap, indian food omaha website map','View the full sitemap of Maharaja Indian Cuisine in Omaha to quickly access our homepage, menu, order online, catering, and contact pages. Perfect for easy navigation and indexing.',1,10,'2024-04-16 10:58:13','2025-08-18 11:43:47'),(11,'Catering','catering','root','pageview',NULL,NULL,NULL,NULL,NULL,NULL,'<div class=\"container\">\r\n<div class=\"row align-items-center justify-content-around  about-page-top\">\r\n<div class=\"col-md-4 \"><img class=\"rounded shadow-3d img-fluid w-100\" src=\"../../images/media/20240622_210906_rwn09ytj2.jpg\" alt=\"Traditional Indian food image\"></div>\r\n<div class=\"col-md-7\">\r\n<h2 class=\"section-title text-primary\">Experience the Magic of Maharaja Indian Cuisine</h2>\r\n<p>Looking for exceptional catering services that bring the rich and authentic flavors of India to your events? Maharaja Indian Cuisine offers an unparalleled dining experience tailored to your needs. Whether you\'re hosting a corporate event, wedding, birthday party, or private gathering, our catering service ensures a menu and presentation that impresses every guest.</p>\r\n<p>Our catering menu features a wide variety of North and South Indian dishes to satisfy every palate. If you have a special dish or recipe in mind, share your ideas with us! We&rsquo;re happy to collaborate and create a menu that reflects your unique preferences and makes your event truly remarkable.</p>\r\n</div>\r\n</div>\r\n</div>','[]',1,0,0,0,'Indian Catering Services | Authentic Indian Food in Omaha','catering omaha, indian food omaha, takeout omaha, restaurants near me','Make your next event memorable with authentic Indian catering from Maharaja Indian Cuisine in Omaha. Whether it’s a family gathering or corporate event, we’re a trusted choice for those looking for catering near Omaha or high-quality takeout.',1,4,'2024-07-30 08:54:37','2025-08-18 11:37:15'),(12,'order online','order-online','root','pageview',NULL,NULL,NULL,'Thanks Giving Day!',NULL,NULL,'<div class=\"container my-4\">\r\n<div class=\"row justify-content-center\">\r\n<p class=\"text-white h4 text-center\">On occasion of Thanksgiving<br>Our restaurant will be closed on November 28th<br>Wishing you a joyful Thanksgiving!</p>\r\n</div>\r\n</div>','[]',0,0,0,0,'Order Indian Food Online | Maharaja Indian Cuisine Omaha','order indian food omaha, indian takeout omaha, takeout near me, food near me open now, maharaja indian cuisine online ordering','Enjoy authentic Indian food in Omaha with just a click! Order online from Maharaja Indian Cuisine for fresh curries, biryanis, and tandoori dishes',1,7,'2024-11-28 13:38:41','2025-08-18 11:43:05'),(15,'QR','qr','root','customurl','https://maharaja-mauve.vercel.app/',NULL,NULL,NULL,NULL,NULL,'<!-- Font Awesome Icons -->\r\n<div style=\"height: 100vh; display: flex; align-items: center; justify-content: center;\">\r\n<div style=\"width: 100%; max-width: 360px; padding: 20px; text-align: center;\"><!-- Title -->\r\n<h1 style=\"font-size: 28px; margin-bottom: 20px; letter-spacing: 1px;\">Maharaja</h1>\r\n<!-- View Menu Button --> <a style=\"display: block; width: 100%; padding: 16px; margin-bottom: 14px; background-color: #fd0200; color: #fff; text-decoration: none; border-radius: 10px; font-size: 17px; font-weight: 600; text-align: center;\" href=\"https://your-menu-link.com\"> View Menu </a> <!-- Give a Review Button --> <a style=\"display: block; width: 100%; padding: 16px; margin-bottom: 16px; background-color: #111; color: #fff; text-decoration: none; border-radius: 10px; font-size: 17px; font-weight: 600; text-align: center; border: 2px solid #fd0200;\" href=\"https://your-review-link.com\"> Give a Review </a> <!-- Social Icons -->\r\n<div style=\"display: flex; justify-content: center; gap: 26px; margin-top: 10px;\"><a style=\"width: 52px; height: 52px; background-color: #111; border-radius: 50%; display: flex; align-items: center; justify-content: center; color: #fd0200; font-size: 24px; text-decoration: none;\" href=\"https://instagram.com/yourpage\" target=\"_blank\" rel=\"noopener\" aria-label=\"Instagram\"> </a> <a style=\"width: 52px; height: 52px; background-color: #111; border-radius: 50%; display: flex; align-items: center; justify-content: center; color: #fd0200; font-size: 24px; text-decoration: none;\" href=\"https://tiktok.com/@yourpage\" target=\"_blank\" rel=\"noopener\" aria-label=\"TikTok\"> </a></div>\r\n</div>\r\n</div>','[]',0,0,0,1,NULL,NULL,NULL,1,NULL,'2026-01-13 18:07:48','2026-01-16 14:39:13');
/*!40000 ALTER TABLE `cms` ENABLE KEYS */;
UNLOCK TABLES;

--
-- Table structure for table `failed_jobs`
--

DROP TABLE IF EXISTS `failed_jobs`;
/*!40101 SET @saved_cs_client     = @@character_set_client */;
/*!50503 SET character_set_client = utf8mb4 */;
CREATE TABLE `failed_jobs` (
  `id` bigint unsigned NOT NULL AUTO_INCREMENT,
  `uuid` varchar(255) COLLATE utf8mb4_unicode_ci NOT NULL,
  `connection` text COLLATE utf8mb4_unicode_ci NOT NULL,
  `queue` text COLLATE utf8mb4_unicode_ci NOT NULL,
  `payload` longtext COLLATE utf8mb4_unicode_ci NOT NULL,
  `exception` longtext COLLATE utf8mb4_unicode_ci NOT NULL,
  `failed_at` timestamp NOT NULL DEFAULT CURRENT_TIMESTAMP,
  PRIMARY KEY (`id`),
  UNIQUE KEY `failed_jobs_uuid_unique` (`uuid`)
) ENGINE=InnoDB DEFAULT CHARSET=utf8mb4 COLLATE=utf8mb4_unicode_ci;
/*!40101 SET character_set_client = @saved_cs_client */;

--
-- Dumping data for table `failed_jobs`
--

LOCK TABLES `failed_jobs` WRITE;
/*!40000 ALTER TABLE `failed_jobs` DISABLE KEYS */;
/*!40000 ALTER TABLE `failed_jobs` ENABLE KEYS */;
UNLOCK TABLES;

--
-- Table structure for table `faq_categories`
--

DROP TABLE IF EXISTS `faq_categories`;
/*!40101 SET @saved_cs_client     = @@character_set_client */;
/*!50503 SET character_set_client = utf8mb4 */;
CREATE TABLE `faq_categories` (
  `id` bigint unsigned NOT NULL AUTO_INCREMENT,
  `page_type` text COLLATE utf8mb4_unicode_ci NOT NULL,
  `page_name` text COLLATE utf8mb4_unicode_ci NOT NULL,
  `name` varchar(255) COLLATE utf8mb4_unicode_ci NOT NULL,
  `created_at` timestamp NULL DEFAULT NULL,
  `updated_at` timestamp NULL DEFAULT NULL,
  PRIMARY KEY (`id`)
) ENGINE=InnoDB AUTO_INCREMENT=2 DEFAULT CHARSET=utf8mb4 COLLATE=utf8mb4_unicode_ci;
/*!40101 SET character_set_client = @saved_cs_client */;

--
-- Dumping data for table `faq_categories`
--

LOCK TABLES `faq_categories` WRITE;
/*!40000 ALTER TABLE `faq_categories` DISABLE KEYS */;
INSERT INTO `faq_categories` VALUES (1,'pages','[\"11\"]','catering-faq-content','2024-11-19 06:26:42','2024-11-19 06:26:42');
/*!40000 ALTER TABLE `faq_categories` ENABLE KEYS */;
UNLOCK TABLES;

--
-- Table structure for table `faqs`
--

DROP TABLE IF EXISTS `faqs`;
/*!40101 SET @saved_cs_client     = @@character_set_client */;
/*!50503 SET character_set_client = utf8mb4 */;
CREATE TABLE `faqs` (
  `id` bigint unsigned NOT NULL AUTO_INCREMENT,
  `faq_categories_id` bigint unsigned NOT NULL,
  `question` varchar(255) COLLATE utf8mb4_unicode_ci NOT NULL,
  `answer` text COLLATE utf8mb4_unicode_ci NOT NULL,
  `button_name` varchar(255) COLLATE utf8mb4_unicode_ci DEFAULT NULL,
  `button_url` text COLLATE utf8mb4_unicode_ci,
  `new_window` tinyint DEFAULT NULL,
  `sort` bigint unsigned DEFAULT NULL,
  `created_at` timestamp NULL DEFAULT NULL,
  `updated_at` timestamp NULL DEFAULT NULL,
  PRIMARY KEY (`id`),
  KEY `faqs_faq_categories_id_foreign` (`faq_categories_id`),
  CONSTRAINT `faqs_faq_categories_id_foreign` FOREIGN KEY (`faq_categories_id`) REFERENCES `faq_categories` (`id`)
) ENGINE=InnoDB AUTO_INCREMENT=8 DEFAULT CHARSET=utf8mb4 COLLATE=utf8mb4_unicode_ci;
/*!40101 SET character_set_client = @saved_cs_client */;

--
-- Dumping data for table `faqs`
--

LOCK TABLES `faqs` WRITE;
/*!40000 ALTER TABLE `faqs` DISABLE KEYS */;
INSERT INTO `faqs` VALUES (1,1,'What types of events do you cater?','<p>We cater to a wide range of events, including weddings, corporate events, birthday parties, anniversaries, and more. Our catering services are perfect for any occasion in Omaha.</p>',NULL,NULL,0,1,'2024-11-19 06:27:01','2024-11-23 13:42:21'),(2,1,'How do I place a catering order?','<p>You can place a catering order by contacting us at [4025054488] or by filling out the form below. We will get in touch with you to confirm the details.</p>',NULL,NULL,0,2,'2024-11-23 13:34:01','2024-11-23 13:42:21'),(3,1,'Do you offer customized menus for special occasions?','<p>Yes, we offer customizable menus to suit your requirements and dietary needs.</p>',NULL,NULL,0,3,'2024-11-23 13:38:17','2024-11-23 13:42:21'),(4,1,'Can I arrange a tasting session before my event?','<p>Yes, we can arrange a tasting session only for the big events. Once the catering contract is finalized then you can schedule a tasting session by contacting us directly at [402-505-4488].</p>',NULL,NULL,0,7,'2024-11-23 13:38:52','2024-11-25 11:33:40'),(5,1,'Can you accommodate special dietary requirements?','<p>Absolutely! We can accommodate a variety of dietary requirements, including vegetarian, vegan, gluten-free, nut-free, and other specific needs. Please let us know your requirements when placing your order. Please mention if you have any allergies.</p>',NULL,NULL,0,4,'2024-11-23 13:39:40','2024-11-23 13:42:21'),(6,1,'How far in advance do I need to place a catering order?','<p>For small events (e.g., 1-2 trays), we can accept orders up to one day in advance. For larger events, we recommend placing your order 2- 3 weeks ahead. Please contact us at [402-505-4488] as early as possible to discuss your needs and availability to manage preparation time.</p>',NULL,NULL,0,5,'2024-11-23 13:41:09','2024-11-25 11:33:40'),(7,1,'What is included in your catering service?','<p>Our catering service includes food preparation, delivery, setup, and cleanup. We also provide necessary serving utensils, plates, and cutlery. Additional services, such as waitstaff and bartenders, can be arranged upon request.</p>',NULL,NULL,0,6,'2024-11-23 13:41:51','2024-11-25 11:33:40');
/*!40000 ALTER TABLE `faqs` ENABLE KEYS */;
UNLOCK TABLES;

--
-- Table structure for table `locations`
--

DROP TABLE IF EXISTS `locations`;
/*!40101 SET @saved_cs_client     = @@character_set_client */;
/*!50503 SET character_set_client = utf8mb4 */;
CREATE TABLE `locations` (
  `id` bigint unsigned NOT NULL AUTO_INCREMENT,
  `location_name` varchar(255) COLLATE utf8mb4_unicode_ci NOT NULL,
  `image` varchar(255) COLLATE utf8mb4_unicode_ci DEFAULT NULL,
  `publish` tinyint DEFAULT NULL,
  `created_at` timestamp NULL DEFAULT NULL,
  `updated_at` timestamp NULL DEFAULT NULL,
  PRIMARY KEY (`id`)
) ENGINE=InnoDB AUTO_INCREMENT=3 DEFAULT CHARSET=utf8mb4 COLLATE=utf8mb4_unicode_ci;
/*!40101 SET character_set_client = @saved_cs_client */;

--
-- Dumping data for table `locations`
--

LOCK TABLES `locations` WRITE;
/*!40000 ALTER TABLE `locations` DISABLE KEYS */;
INSERT INTO `locations` VALUES (1,'OMAHA',NULL,1,'2026-04-13 01:14:20','2026-04-13 21:50:32'),(2,'PAPILLION',NULL,1,'2026-04-13 01:31:27','2026-05-04 11:40:43');
/*!40000 ALTER TABLE `locations` ENABLE KEYS */;
UNLOCK TABLES;

--
-- Table structure for table `migrations`
--

DROP TABLE IF EXISTS `migrations`;
/*!40101 SET @saved_cs_client     = @@character_set_client */;
/*!50503 SET character_set_client = utf8mb4 */;
CREATE TABLE `migrations` (
  `id` int unsigned NOT NULL AUTO_INCREMENT,
  `migration` varchar(255) COLLATE utf8mb4_unicode_ci NOT NULL,
  `batch` int NOT NULL,
  PRIMARY KEY (`id`)
) ENGINE=InnoDB AUTO_INCREMENT=47 DEFAULT CHARSET=utf8mb4 COLLATE=utf8mb4_unicode_ci;
/*!40101 SET character_set_client = @saved_cs_client */;

--
-- Dumping data for table `migrations`
--

LOCK TABLES `migrations` WRITE;
/*!40000 ALTER TABLE `migrations` DISABLE KEYS */;
INSERT INTO `migrations` VALUES (1,'2014_10_12_000000_create_users_table',1),(2,'2014_10_12_100000_create_password_reset_tokens_table',1),(3,'2014_10_12_100000_create_password_resets_table',1),(4,'2016_06_01_000001_create_oauth_auth_codes_table',1),(5,'2016_06_01_000002_create_oauth_access_tokens_table',1),(6,'2016_06_01_000003_create_oauth_refresh_tokens_table',1),(7,'2016_06_01_000004_create_oauth_clients_table',1),(8,'2016_06_01_000005_create_oauth_personal_access_clients_table',1),(9,'2019_08_19_000000_create_failed_jobs_table',1),(10,'2019_12_14_000001_create_personal_access_tokens_table',1),(11,'2023_04_19_153827_create_permission_tables',1),(12,'2023_04_19_155322_create_activity_log_table',1),(13,'2023_04_19_155323_add_event_column_to_activity_log_table',1),(14,'2023_04_19_155324_add_batch_uuid_column_to_activity_log_table',1),(15,'2023_04_25_050055_create_application_setting_types_table',1),(16,'2023_04_25_050131_create_application_setting_categories_table',1),(17,'2023_04_25_052452_create_application_settings_table',1),(18,'2023_04_28_041125_create_sliders_table',1),(19,'2023_05_01_072316_create_cms_table',1),(20,'2023_05_02_041721_create_service_categories_table',1),(21,'2023_05_02_041722_create_services_table',1),(22,'2023_05_16_052922_create_clientele_categories_table',1),(23,'2023_05_16_052929_create_clienteles_table',1),(24,'2023_08_10_072148_create_blog_categories_table',1),(25,'2023_08_10_072149_create_blog_posts_table',1),(26,'2023_08_10_072150_create_testimonial_categories_table',1),(27,'2023_08_10_072151_create_testimonials_table',1),(28,'2023_08_10_072152_create_statistics_table',1),(29,'2023_08_10_072153_create_product_categories_table',1),(30,'2023_08_10_072154_create_products_table',1),(31,'2023_08_14_070348_add_special_product_field_to_products_table',1),(32,'2023_08_15_102414_create_team_categories_table',1),(33,'2023_08_15_102415_create_teams_table',1),(34,'2023_08_16_071146_create_faq_categories_table',1),(35,'2023_08_16_071148_create_faqs_table',1),(36,'2023_10_14_061545_create_specifications_table',1),(37,'2024_02_12_092445_add_featured_field_to_product_categories_table',2),(38,'2024_07_11_093601_update_icon_field_in_services_table',3),(39,'2024_12_24_071558_change_fields_to_clienteles_table',4),(40,'2025_06_30_060136_add_fields_to_product_categories_table',5),(42,'2026_04_13_063204_create_table_locations',6),(43,'2026_04_13_065116_add_location_fields_to_products_table',7),(44,'2026_04_13_072601_add_contact_fields_to_locations_table',8),(45,'2026_04_17_014941_add_location_prices_to_products_table',8),(46,'2026_04_17_015220_add_image_to_locations_table',9);
/*!40000 ALTER TABLE `migrations` ENABLE KEYS */;
UNLOCK TABLES;

--
-- Table structure for table `model_has_permissions`
--

DROP TABLE IF EXISTS `model_has_permissions`;
/*!40101 SET @saved_cs_client     = @@character_set_client */;
/*!50503 SET character_set_client = utf8mb4 */;
CREATE TABLE `model_has_permissions` (
  `permission_id` bigint unsigned NOT NULL,
  `model_type` varchar(255) COLLATE utf8mb4_unicode_ci NOT NULL,
  `model_id` bigint unsigned NOT NULL,
  PRIMARY KEY (`permission_id`,`model_id`,`model_type`),
  KEY `model_has_permissions_model_id_model_type_index` (`model_id`,`model_type`),
  CONSTRAINT `model_has_permissions_permission_id_foreign` FOREIGN KEY (`permission_id`) REFERENCES `permissions` (`id`) ON DELETE CASCADE
) ENGINE=InnoDB DEFAULT CHARSET=utf8mb4 COLLATE=utf8mb4_unicode_ci;
/*!40101 SET character_set_client = @saved_cs_client */;

--
-- Dumping data for table `model_has_permissions`
--

LOCK TABLES `model_has_permissions` WRITE;
/*!40000 ALTER TABLE `model_has_permissions` DISABLE KEYS */;
/*!40000 ALTER TABLE `model_has_permissions` ENABLE KEYS */;
UNLOCK TABLES;

--
-- Table structure for table `model_has_roles`
--

DROP TABLE IF EXISTS `model_has_roles`;
/*!40101 SET @saved_cs_client     = @@character_set_client */;
/*!50503 SET character_set_client = utf8mb4 */;
CREATE TABLE `model_has_roles` (
  `role_id` bigint unsigned NOT NULL,
  `model_type` varchar(255) COLLATE utf8mb4_unicode_ci NOT NULL,
  `model_id` bigint unsigned NOT NULL,
  PRIMARY KEY (`role_id`,`model_id`,`model_type`),
  KEY `model_has_roles_model_id_model_type_index` (`model_id`,`model_type`),
  CONSTRAINT `model_has_roles_role_id_foreign` FOREIGN KEY (`role_id`) REFERENCES `roles` (`id`) ON DELETE CASCADE
) ENGINE=InnoDB DEFAULT CHARSET=utf8mb4 COLLATE=utf8mb4_unicode_ci;
/*!40101 SET character_set_client = @saved_cs_client */;

--
-- Dumping data for table `model_has_roles`
--

LOCK TABLES `model_has_roles` WRITE;
/*!40000 ALTER TABLE `model_has_roles` DISABLE KEYS */;
INSERT INTO `model_has_roles` VALUES (1,'App\\Models\\User',1),(2,'App\\Models\\User',2),(4,'App\\Models\\User',6),(4,'App\\Models\\User',7),(1,'App\\Models\\User',10);
/*!40000 ALTER TABLE `model_has_roles` ENABLE KEYS */;
UNLOCK TABLES;

--
-- Table structure for table `oauth_access_tokens`
--

DROP TABLE IF EXISTS `oauth_access_tokens`;
/*!40101 SET @saved_cs_client     = @@character_set_client */;
/*!50503 SET character_set_client = utf8mb4 */;
CREATE TABLE `oauth_access_tokens` (
  `id` varchar(100) COLLATE utf8mb4_unicode_ci NOT NULL,
  `user_id` bigint unsigned DEFAULT NULL,
  `client_id` char(36) COLLATE utf8mb4_unicode_ci NOT NULL,
  `name` varchar(255) COLLATE utf8mb4_unicode_ci DEFAULT NULL,
  `scopes` text COLLATE utf8mb4_unicode_ci,
  `revoked` tinyint(1) NOT NULL,
  `created_at` timestamp NULL DEFAULT NULL,
  `updated_at` timestamp NULL DEFAULT NULL,
  `expires_at` datetime DEFAULT NULL,
  PRIMARY KEY (`id`),
  KEY `oauth_access_tokens_user_id_index` (`user_id`)
) ENGINE=InnoDB DEFAULT CHARSET=utf8mb4 COLLATE=utf8mb4_unicode_ci;
/*!40101 SET character_set_client = @saved_cs_client */;

--
-- Dumping data for table `oauth_access_tokens`
--

LOCK TABLES `oauth_access_tokens` WRITE;
/*!40000 ALTER TABLE `oauth_access_tokens` DISABLE KEYS */;
/*!40000 ALTER TABLE `oauth_access_tokens` ENABLE KEYS */;
UNLOCK TABLES;

--
-- Table structure for table `oauth_auth_codes`
--

DROP TABLE IF EXISTS `oauth_auth_codes`;
/*!40101 SET @saved_cs_client     = @@character_set_client */;
/*!50503 SET character_set_client = utf8mb4 */;
CREATE TABLE `oauth_auth_codes` (
  `id` varchar(100) COLLATE utf8mb4_unicode_ci NOT NULL,
  `user_id` bigint unsigned NOT NULL,
  `client_id` char(36) COLLATE utf8mb4_unicode_ci NOT NULL,
  `scopes` text COLLATE utf8mb4_unicode_ci,
  `revoked` tinyint(1) NOT NULL,
  `expires_at` datetime DEFAULT NULL,
  PRIMARY KEY (`id`),
  KEY `oauth_auth_codes_user_id_index` (`user_id`)
) ENGINE=InnoDB DEFAULT CHARSET=utf8mb4 COLLATE=utf8mb4_unicode_ci;
/*!40101 SET character_set_client = @saved_cs_client */;

--
-- Dumping data for table `oauth_auth_codes`
--

LOCK TABLES `oauth_auth_codes` WRITE;
/*!40000 ALTER TABLE `oauth_auth_codes` DISABLE KEYS */;
/*!40000 ALTER TABLE `oauth_auth_codes` ENABLE KEYS */;
UNLOCK TABLES;

--
-- Table structure for table `oauth_clients`
--

DROP TABLE IF EXISTS `oauth_clients`;
/*!40101 SET @saved_cs_client     = @@character_set_client */;
/*!50503 SET character_set_client = utf8mb4 */;
CREATE TABLE `oauth_clients` (
  `id` char(36) COLLATE utf8mb4_unicode_ci NOT NULL,
  `user_id` bigint unsigned DEFAULT NULL,
  `name` varchar(255) COLLATE utf8mb4_unicode_ci NOT NULL,
  `secret` varchar(100) COLLATE utf8mb4_unicode_ci DEFAULT NULL,
  `provider` varchar(255) COLLATE utf8mb4_unicode_ci DEFAULT NULL,
  `redirect` text COLLATE utf8mb4_unicode_ci NOT NULL,
  `personal_access_client` tinyint(1) NOT NULL,
  `password_client` tinyint(1) NOT NULL,
  `revoked` tinyint(1) NOT NULL,
  `created_at` timestamp NULL DEFAULT NULL,
  `updated_at` timestamp NULL DEFAULT NULL,
  PRIMARY KEY (`id`),
  KEY `oauth_clients_user_id_index` (`user_id`)
) ENGINE=InnoDB DEFAULT CHARSET=utf8mb4 COLLATE=utf8mb4_unicode_ci;
/*!40101 SET character_set_client = @saved_cs_client */;

--
-- Dumping data for table `oauth_clients`
--

LOCK TABLES `oauth_clients` WRITE;
/*!40000 ALTER TABLE `oauth_clients` DISABLE KEYS */;
/*!40000 ALTER TABLE `oauth_clients` ENABLE KEYS */;
UNLOCK TABLES;

--
-- Table structure for table `oauth_personal_access_clients`
--

DROP TABLE IF EXISTS `oauth_personal_access_clients`;
/*!40101 SET @saved_cs_client     = @@character_set_client */;
/*!50503 SET character_set_client = utf8mb4 */;
CREATE TABLE `oauth_personal_access_clients` (
  `id` bigint unsigned NOT NULL AUTO_INCREMENT,
  `client_id` char(36) COLLATE utf8mb4_unicode_ci NOT NULL,
  `created_at` timestamp NULL DEFAULT NULL,
  `updated_at` timestamp NULL DEFAULT NULL,
  PRIMARY KEY (`id`)
) ENGINE=InnoDB DEFAULT CHARSET=utf8mb4 COLLATE=utf8mb4_unicode_ci;
/*!40101 SET character_set_client = @saved_cs_client */;

--
-- Dumping data for table `oauth_personal_access_clients`
--

LOCK TABLES `oauth_personal_access_clients` WRITE;
/*!40000 ALTER TABLE `oauth_personal_access_clients` DISABLE KEYS */;
/*!40000 ALTER TABLE `oauth_personal_access_clients` ENABLE KEYS */;
UNLOCK TABLES;

--
-- Table structure for table `oauth_refresh_tokens`
--

DROP TABLE IF EXISTS `oauth_refresh_tokens`;
/*!40101 SET @saved_cs_client     = @@character_set_client */;
/*!50503 SET character_set_client = utf8mb4 */;
CREATE TABLE `oauth_refresh_tokens` (
  `id` varchar(100) COLLATE utf8mb4_unicode_ci NOT NULL,
  `access_token_id` varchar(100) COLLATE utf8mb4_unicode_ci NOT NULL,
  `revoked` tinyint(1) NOT NULL,
  `expires_at` datetime DEFAULT NULL,
  PRIMARY KEY (`id`),
  KEY `oauth_refresh_tokens_access_token_id_index` (`access_token_id`)
) ENGINE=InnoDB DEFAULT CHARSET=utf8mb4 COLLATE=utf8mb4_unicode_ci;
/*!40101 SET character_set_client = @saved_cs_client */;

--
-- Dumping data for table `oauth_refresh_tokens`
--

LOCK TABLES `oauth_refresh_tokens` WRITE;
/*!40000 ALTER TABLE `oauth_refresh_tokens` DISABLE KEYS */;
/*!40000 ALTER TABLE `oauth_refresh_tokens` ENABLE KEYS */;
UNLOCK TABLES;

--
-- Table structure for table `password_reset_tokens`
--

DROP TABLE IF EXISTS `password_reset_tokens`;
/*!40101 SET @saved_cs_client     = @@character_set_client */;
/*!50503 SET character_set_client = utf8mb4 */;
CREATE TABLE `password_reset_tokens` (
  `email` varchar(255) COLLATE utf8mb4_unicode_ci NOT NULL,
  `token` varchar(255) COLLATE utf8mb4_unicode_ci NOT NULL,
  `created_at` timestamp NULL DEFAULT NULL,
  PRIMARY KEY (`email`)
) ENGINE=InnoDB DEFAULT CHARSET=utf8mb4 COLLATE=utf8mb4_unicode_ci;
/*!40101 SET character_set_client = @saved_cs_client */;

--
-- Dumping data for table `password_reset_tokens`
--

LOCK TABLES `password_reset_tokens` WRITE;
/*!40000 ALTER TABLE `password_reset_tokens` DISABLE KEYS */;
/*!40000 ALTER TABLE `password_reset_tokens` ENABLE KEYS */;
UNLOCK TABLES;

--
-- Table structure for table `password_resets`
--

DROP TABLE IF EXISTS `password_resets`;
/*!40101 SET @saved_cs_client     = @@character_set_client */;
/*!50503 SET character_set_client = utf8mb4 */;
CREATE TABLE `password_resets` (
  `email` varchar(255) COLLATE utf8mb4_unicode_ci NOT NULL,
  `token` varchar(255) COLLATE utf8mb4_unicode_ci NOT NULL,
  `created_at` timestamp NULL DEFAULT NULL,
  KEY `password_resets_email_index` (`email`)
) ENGINE=InnoDB DEFAULT CHARSET=utf8mb4 COLLATE=utf8mb4_unicode_ci;
/*!40101 SET character_set_client = @saved_cs_client */;

--
-- Dumping data for table `password_resets`
--

LOCK TABLES `password_resets` WRITE;
/*!40000 ALTER TABLE `password_resets` DISABLE KEYS */;
/*!40000 ALTER TABLE `password_resets` ENABLE KEYS */;
UNLOCK TABLES;

--
-- Table structure for table `permissions`
--

DROP TABLE IF EXISTS `permissions`;
/*!40101 SET @saved_cs_client     = @@character_set_client */;
/*!50503 SET character_set_client = utf8mb4 */;
CREATE TABLE `permissions` (
  `id` bigint unsigned NOT NULL AUTO_INCREMENT,
  `name` varchar(255) COLLATE utf8mb4_unicode_ci NOT NULL,
  `guard_name` varchar(255) COLLATE utf8mb4_unicode_ci NOT NULL,
  `type` tinyint NOT NULL DEFAULT '0',
  `created_at` timestamp NULL DEFAULT NULL,
  `updated_at` timestamp NULL DEFAULT NULL,
  PRIMARY KEY (`id`),
  UNIQUE KEY `permissions_name_guard_name_unique` (`name`,`guard_name`)
) ENGINE=InnoDB AUTO_INCREMENT=145 DEFAULT CHARSET=utf8mb4 COLLATE=utf8mb4_unicode_ci;
/*!40101 SET character_set_client = @saved_cs_client */;

--
-- Dumping data for table `permissions`
--

LOCK TABLES `permissions` WRITE;
/*!40000 ALTER TABLE `permissions` DISABLE KEYS */;
INSERT INTO `permissions` VALUES (1,'permissions','web',1,'2023-12-27 01:15:50','2023-12-27 01:15:50'),(2,'add-permissions','web',0,'2023-12-27 01:15:50','2023-12-27 01:15:50'),(3,'edit-permissions','web',0,'2023-12-27 01:15:50','2023-12-27 01:15:50'),(4,'delete-permissions','web',0,'2023-12-27 01:15:50','2023-12-27 01:15:50'),(5,'view-permissions','web',0,'2023-12-27 01:15:50','2023-12-27 01:15:50'),(6,'publish-permissions','web',0,'2023-12-27 01:15:50','2023-12-27 01:15:50'),(7,'roles','web',1,'2023-12-27 01:15:50','2023-12-27 01:15:50'),(8,'add-roles','web',0,'2023-12-27 01:15:50','2023-12-27 01:15:50'),(9,'edit-roles','web',0,'2023-12-27 01:15:50','2023-12-27 01:15:50'),(10,'delete-roles','web',0,'2023-12-27 01:15:50','2023-12-27 01:15:50'),(11,'view-roles','web',0,'2023-12-27 01:15:50','2023-12-27 01:15:50'),(12,'publish-roles','web',0,'2023-12-27 01:15:50','2023-12-27 01:15:50'),(13,'users','web',1,'2023-12-27 01:15:50','2023-12-27 01:15:50'),(14,'add-users','web',0,'2023-12-27 01:15:50','2023-12-27 01:15:50'),(15,'edit-users','web',0,'2023-12-27 01:15:50','2023-12-27 01:15:50'),(16,'delete-users','web',0,'2023-12-27 01:15:50','2023-12-27 01:15:50'),(17,'view-users','web',0,'2023-12-27 01:15:50','2023-12-27 01:15:50'),(18,'publish-users','web',0,'2023-12-27 01:15:50','2023-12-27 01:15:50'),(19,'application-setting-types','web',1,'2023-12-27 01:15:50','2023-12-27 01:15:50'),(20,'add-application-setting-types','web',0,'2023-12-27 01:15:50','2023-12-27 01:15:50'),(21,'edit-application-setting-types','web',0,'2023-12-27 01:15:50','2023-12-27 01:15:50'),(22,'delete-application-setting-types','web',0,'2023-12-27 01:15:50','2023-12-27 01:15:50'),(23,'view-application-setting-types','web',0,'2023-12-27 01:15:50','2023-12-27 01:15:50'),(24,'publish-application-setting-types','web',0,'2023-12-27 01:15:50','2023-12-27 01:15:50'),(25,'application-setting-categories','web',1,'2023-12-27 01:15:50','2023-12-27 01:15:50'),(26,'add-application-setting-categories','web',0,'2023-12-27 01:15:50','2023-12-27 01:15:50'),(27,'edit-application-setting-categories','web',0,'2023-12-27 01:15:50','2023-12-27 01:15:50'),(28,'delete-application-setting-categories','web',0,'2023-12-27 01:15:50','2023-12-27 01:15:50'),(29,'view-application-setting-categories','web',0,'2023-12-27 01:15:50','2023-12-27 01:15:50'),(30,'publish-application-setting-categories','web',0,'2023-12-27 01:15:50','2023-12-27 01:15:50'),(31,'application-settings','web',1,'2023-12-27 01:15:50','2023-12-27 01:15:50'),(32,'add-application-settings','web',0,'2023-12-27 01:15:50','2023-12-27 01:15:50'),(33,'edit-application-settings','web',0,'2023-12-27 01:15:50','2023-12-27 01:15:50'),(34,'delete-application-settings','web',0,'2023-12-27 01:15:50','2023-12-27 01:15:50'),(35,'view-application-settings','web',0,'2023-12-27 01:15:50','2023-12-27 01:15:50'),(36,'publish-application-settings','web',0,'2023-12-27 01:15:50','2023-12-27 01:15:50'),(37,'slider','web',1,'2023-12-27 01:15:50','2023-12-27 01:15:50'),(38,'add-slider','web',0,'2023-12-27 01:15:50','2023-12-27 01:15:50'),(39,'edit-slider','web',0,'2023-12-27 01:15:50','2023-12-27 01:15:50'),(40,'delete-slider','web',0,'2023-12-27 01:15:50','2023-12-27 01:15:50'),(41,'view-slider','web',0,'2023-12-27 01:15:50','2023-12-27 01:15:50'),(42,'publish-slider','web',0,'2023-12-27 01:15:50','2023-12-27 01:15:50'),(43,'cms','web',1,'2023-12-27 01:15:50','2023-12-27 01:15:50'),(44,'add-cms','web',0,'2023-12-27 01:15:50','2023-12-27 01:15:50'),(45,'edit-cms','web',0,'2023-12-27 01:15:50','2023-12-27 01:15:50'),(46,'delete-cms','web',0,'2023-12-27 01:15:50','2023-12-27 01:15:50'),(47,'view-cms','web',0,'2023-12-27 01:15:50','2023-12-27 01:15:50'),(48,'publish-cms','web',0,'2023-12-27 01:15:50','2023-12-27 01:15:50'),(49,'service-categories','web',1,'2023-12-27 01:15:50','2023-12-27 01:15:50'),(50,'add-service-categories','web',0,'2023-12-27 01:15:50','2023-12-27 01:15:50'),(51,'edit-service-categories','web',0,'2023-12-27 01:15:50','2023-12-27 01:15:50'),(52,'delete-service-categories','web',0,'2023-12-27 01:15:50','2023-12-27 01:15:50'),(53,'view-service-categories','web',0,'2023-12-27 01:15:50','2023-12-27 01:15:50'),(54,'publish-service-categories','web',0,'2023-12-27 01:15:50','2023-12-27 01:15:50'),(55,'services','web',1,'2023-12-27 01:15:50','2023-12-27 01:15:50'),(56,'add-services','web',0,'2023-12-27 01:15:50','2023-12-27 01:15:50'),(57,'edit-services','web',0,'2023-12-27 01:15:50','2023-12-27 01:15:50'),(58,'delete-services','web',0,'2023-12-27 01:15:50','2023-12-27 01:15:50'),(59,'view-services','web',0,'2023-12-27 01:15:50','2023-12-27 01:15:50'),(60,'publish-services','web',0,'2023-12-27 01:15:50','2023-12-27 01:15:50'),(61,'clientele_categories','web',1,'2023-12-27 01:15:50','2023-12-27 01:15:50'),(62,'add-clientele_categories','web',0,'2023-12-27 01:15:50','2023-12-27 01:15:50'),(63,'edit-clientele_categories','web',0,'2023-12-27 01:15:50','2023-12-27 01:15:50'),(64,'delete-clientele_categories','web',0,'2023-12-27 01:15:50','2023-12-27 01:15:50'),(65,'view-clientele_categories','web',0,'2023-12-27 01:15:50','2023-12-27 01:15:50'),(66,'publish-clientele_categories','web',0,'2023-12-27 01:15:50','2023-12-27 01:15:50'),(67,'clienteles','web',1,'2023-12-27 01:15:50','2023-12-27 01:15:50'),(68,'add-clienteles','web',0,'2023-12-27 01:15:50','2023-12-27 01:15:50'),(69,'edit-clienteles','web',0,'2023-12-27 01:15:50','2023-12-27 01:15:50'),(70,'delete-clienteles','web',0,'2023-12-27 01:15:50','2023-12-27 01:15:50'),(71,'view-clienteles','web',0,'2023-12-27 01:15:50','2023-12-27 01:15:50'),(72,'publish-clienteles','web',0,'2023-12-27 01:15:50','2023-12-27 01:15:50'),(73,'blog_categories','web',1,'2023-12-27 01:15:50','2023-12-27 01:15:50'),(74,'add-blog_categories','web',0,'2023-12-27 01:15:50','2023-12-27 01:15:50'),(75,'edit-blog_categories','web',0,'2023-12-27 01:15:50','2023-12-27 01:15:50'),(76,'delete-blog_categories','web',0,'2023-12-27 01:15:50','2023-12-27 01:15:50'),(77,'view-blog_categories','web',0,'2023-12-27 01:15:50','2023-12-27 01:15:50'),(78,'publish-blog_categories','web',0,'2023-12-27 01:15:50','2023-12-27 01:15:50'),(79,'blog_posts','web',1,'2023-12-27 01:15:50','2023-12-27 01:15:50'),(80,'add-blog_posts','web',0,'2023-12-27 01:15:50','2023-12-27 01:15:50'),(81,'edit-blog_posts','web',0,'2023-12-27 01:15:50','2023-12-27 01:15:50'),(82,'delete-blog_posts','web',0,'2023-12-27 01:15:50','2023-12-27 01:15:50'),(83,'view-blog_posts','web',0,'2023-12-27 01:15:50','2023-12-27 01:15:50'),(84,'publish-blog_posts','web',0,'2023-12-27 01:15:50','2023-12-27 01:15:50'),(85,'testimonial_categories','web',1,'2023-12-27 01:15:50','2023-12-27 01:15:50'),(86,'add-testimonial_categories','web',0,'2023-12-27 01:15:50','2023-12-27 01:15:50'),(87,'edit-testimonial_categories','web',0,'2023-12-27 01:15:50','2023-12-27 01:15:50'),(88,'delete-testimonial_categories','web',0,'2023-12-27 01:15:50','2023-12-27 01:15:50'),(89,'view-testimonial_categories','web',0,'2023-12-27 01:15:51','2023-12-27 01:15:51'),(90,'publish-testimonial_categories','web',0,'2023-12-27 01:15:51','2023-12-27 01:15:51'),(91,'testimonials','web',1,'2023-12-27 01:15:51','2023-12-27 01:15:51'),(92,'add-testimonials','web',0,'2023-12-27 01:15:51','2023-12-27 01:15:51'),(93,'edit-testimonials','web',0,'2023-12-27 01:15:51','2023-12-27 01:15:51'),(94,'delete-testimonials','web',0,'2023-12-27 01:15:51','2023-12-27 01:15:51'),(95,'view-testimonials','web',0,'2023-12-27 01:15:51','2023-12-27 01:15:51'),(96,'publish-testimonials','web',0,'2023-12-27 01:15:51','2023-12-27 01:15:51'),(97,'statistics','web',1,'2023-12-27 01:15:51','2023-12-27 01:15:51'),(98,'add-statistics','web',0,'2023-12-27 01:15:51','2023-12-27 01:15:51'),(99,'edit-statistics','web',0,'2023-12-27 01:15:51','2023-12-27 01:15:51'),(100,'delete-statistics','web',0,'2023-12-27 01:15:51','2023-12-27 01:15:51'),(101,'view-statistics','web',0,'2023-12-27 01:15:51','2023-12-27 01:15:51'),(102,'publish-statistics','web',0,'2023-12-27 01:15:51','2023-12-27 01:15:51'),(103,'product_categories','web',1,'2023-12-27 01:15:51','2023-12-27 01:15:51'),(104,'add-product_categories','web',0,'2023-12-27 01:15:51','2023-12-27 01:15:51'),(105,'edit-product_categories','web',0,'2023-12-27 01:15:51','2023-12-27 01:15:51'),(106,'delete-product_categories','web',0,'2023-12-27 01:15:51','2023-12-27 01:15:51'),(107,'view-product_categories','web',0,'2023-12-27 01:15:51','2023-12-27 01:15:51'),(108,'publish-product_categories','web',0,'2023-12-27 01:15:51','2023-12-27 01:15:51'),(109,'products','web',1,'2023-12-27 01:15:51','2023-12-27 01:15:51'),(110,'add-products','web',0,'2023-12-27 01:15:51','2023-12-27 01:15:51'),(111,'edit-products','web',0,'2023-12-27 01:15:51','2023-12-27 01:15:51'),(112,'delete-products','web',0,'2023-12-27 01:15:51','2023-12-27 01:15:51'),(113,'view-products','web',0,'2023-12-27 01:15:51','2023-12-27 01:15:51'),(114,'publish-products','web',0,'2023-12-27 01:15:51','2023-12-27 01:15:51'),(115,'team_categories','web',1,'2023-12-27 01:15:51','2023-12-27 01:15:51'),(116,'add-team_categories','web',0,'2023-12-27 01:15:51','2023-12-27 01:15:51'),(117,'edit-team_categories','web',0,'2023-12-27 01:15:51','2023-12-27 01:15:51'),(118,'delete-team_categories','web',0,'2023-12-27 01:15:51','2023-12-27 01:15:51'),(119,'view-team_categories','web',0,'2023-12-27 01:15:51','2023-12-27 01:15:51'),(120,'publish-team_categories','web',0,'2023-12-27 01:15:51','2023-12-27 01:15:51'),(121,'teams','web',1,'2023-12-27 01:15:51','2023-12-27 01:15:51'),(122,'add-teams','web',0,'2023-12-27 01:15:51','2023-12-27 01:15:51'),(123,'edit-teams','web',0,'2023-12-27 01:15:51','2023-12-27 01:15:51'),(124,'delete-teams','web',0,'2023-12-27 01:15:51','2023-12-27 01:15:51'),(125,'view-teams','web',0,'2023-12-27 01:15:51','2023-12-27 01:15:51'),(126,'publish-teams','web',0,'2023-12-27 01:15:51','2023-12-27 01:15:51'),(127,'faq_categories','web',1,'2023-12-27 01:15:51','2023-12-27 01:15:51'),(128,'add-faq_categories','web',0,'2023-12-27 01:15:51','2023-12-27 01:15:51'),(129,'edit-faq_categories','web',0,'2023-12-27 01:15:51','2023-12-27 01:15:51'),(130,'delete-faq_categories','web',0,'2023-12-27 01:15:51','2023-12-27 01:15:51'),(131,'view-faq_categories','web',0,'2023-12-27 01:15:51','2023-12-27 01:15:51'),(132,'publish-faq_categories','web',0,'2023-12-27 01:15:51','2023-12-27 01:15:51'),(133,'faqs','web',1,'2023-12-27 01:15:51','2023-12-27 01:15:51'),(134,'add-faqs','web',0,'2023-12-27 01:15:51','2023-12-27 01:15:51'),(135,'edit-faqs','web',0,'2023-12-27 01:15:51','2023-12-27 01:15:51'),(136,'delete-faqs','web',0,'2023-12-27 01:15:51','2023-12-27 01:15:51'),(137,'view-faqs','web',0,'2023-12-27 01:15:51','2023-12-27 01:15:51'),(138,'publish-faqs','web',0,'2023-12-27 01:15:51','2023-12-27 01:15:51'),(139,'locations','web',1,'2026-04-13 01:13:21','2026-04-13 01:13:21'),(140,'add-locations','web',0,'2026-04-13 01:13:21','2026-04-13 01:13:21'),(141,'edit-locations','web',0,'2026-04-13 01:13:21','2026-04-13 01:13:21'),(142,'delete-locations','web',0,'2026-04-13 01:13:21','2026-04-13 01:13:21'),(143,'view-locations','web',0,'2026-04-13 01:13:21','2026-04-13 01:13:21'),(144,'publish-locations','web',0,'2026-04-13 01:13:21','2026-04-13 01:13:21');
/*!40000 ALTER TABLE `permissions` ENABLE KEYS */;
UNLOCK TABLES;

--
-- Table structure for table `personal_access_tokens`
--

DROP TABLE IF EXISTS `personal_access_tokens`;
/*!40101 SET @saved_cs_client     = @@character_set_client */;
/*!50503 SET character_set_client = utf8mb4 */;
CREATE TABLE `personal_access_tokens` (
  `id` bigint unsigned NOT NULL AUTO_INCREMENT,
  `tokenable_type` varchar(255) COLLATE utf8mb4_unicode_ci NOT NULL,
  `tokenable_id` bigint unsigned NOT NULL,
  `name` varchar(255) COLLATE utf8mb4_unicode_ci NOT NULL,
  `token` varchar(64) COLLATE utf8mb4_unicode_ci NOT NULL,
  `abilities` text COLLATE utf8mb4_unicode_ci,
  `last_used_at` timestamp NULL DEFAULT NULL,
  `expires_at` timestamp NULL DEFAULT NULL,
  `created_at` timestamp NULL DEFAULT NULL,
  `updated_at` timestamp NULL DEFAULT NULL,
  PRIMARY KEY (`id`),
  UNIQUE KEY `personal_access_tokens_token_unique` (`token`),
  KEY `personal_access_tokens_tokenable_type_tokenable_id_index` (`tokenable_type`,`tokenable_id`)
) ENGINE=InnoDB DEFAULT CHARSET=utf8mb4 COLLATE=utf8mb4_unicode_ci;
/*!40101 SET character_set_client = @saved_cs_client */;

--
-- Dumping data for table `personal_access_tokens`
--

LOCK TABLES `personal_access_tokens` WRITE;
/*!40000 ALTER TABLE `personal_access_tokens` DISABLE KEYS */;
/*!40000 ALTER TABLE `personal_access_tokens` ENABLE KEYS */;
UNLOCK TABLES;

--
-- Table structure for table `product_categories`
--

DROP TABLE IF EXISTS `product_categories`;
/*!40101 SET @saved_cs_client     = @@character_set_client */;
/*!50503 SET character_set_client = utf8mb4 */;
CREATE TABLE `product_categories` (
  `id` bigint unsigned NOT NULL AUTO_INCREMENT,
  `name` varchar(255) COLLATE utf8mb4_unicode_ci NOT NULL,
  `display_name` varchar(255) COLLATE utf8mb4_unicode_ci DEFAULT NULL,
  `image` varchar(255) COLLATE utf8mb4_unicode_ci DEFAULT NULL,
  `image_alt_text` varchar(255) COLLATE utf8mb4_unicode_ci DEFAULT NULL,
  `icon` varchar(255) COLLATE utf8mb4_unicode_ci DEFAULT NULL,
  `description` text COLLATE utf8mb4_unicode_ci,
  `type` varchar(255) COLLATE utf8mb4_unicode_ci DEFAULT NULL,
  `created_at` timestamp NULL DEFAULT NULL,
  `updated_at` timestamp NULL DEFAULT NULL,
  `sort` bigint unsigned DEFAULT NULL,
  `featured` tinyint NOT NULL DEFAULT '0',
  `show_in_home_page` tinyint DEFAULT NULL,
  PRIMARY KEY (`id`)
) ENGINE=InnoDB AUTO_INCREMENT=41 DEFAULT CHARSET=utf8mb4 COLLATE=utf8mb4_unicode_ci;
/*!40101 SET character_set_client = @saved_cs_client */;

--
-- Dumping data for table `product_categories`
--

LOCK TABLES `product_categories` WRITE;
/*!40000 ALTER TABLE `product_categories` DISABLE KEYS */;
INSERT INTO `product_categories` VALUES (1,'House Special Appetizers','House Special Appetizers','samosa_3911587_nhyes09yd.png','Appetizers',NULL,NULL,'as-nav-cat','2024-01-02 00:03:37','2025-08-22 13:10:28',4,1,1),(2,'Sides','Sides','various-soups-salads-table_2jq0gggin.jpg',NULL,NULL,NULL,'as-for-cat','2024-01-03 03:38:34','2025-08-22 13:10:28',5,0,NULL),(3,'Soups and Salads','Soups and Salads','soup_12019461_nenmfpw9z.png','Soups and Salads',NULL,NULL,NULL,'2024-01-03 03:38:59','2025-08-22 13:10:28',3,1,NULL),(4,'Tandoori  Specials','Tandoori  Specials','turkey_2435675_e4ominp94.png','Tandoori  Specials',NULL,NULL,NULL,'2024-01-18 12:29:56','2025-08-22 13:10:06',11,0,1),(5,'Biryanis','Biryanis','biryani_4780045_8evtktmrm.png','Biryanis',NULL,NULL,'as-nav-cat','2024-01-18 12:30:26','2025-08-22 13:10:06',12,1,NULL),(6,'Dosas and Poori Varieties','Dosas and Poori Varieties','dip_5014944_lku44txv4.png','Dosas and Poori Varieties',NULL,NULL,'as-nav-cat','2024-01-18 12:31:07','2025-08-22 13:10:06',6,1,1),(7,'Breads - Naan','Breads','flatbread_4261121_e8hgkjifn.png','Breads - Naan',NULL,NULL,NULL,'2024-01-18 12:31:32','2025-08-22 13:02:28',14,0,NULL),(8,'Curries','Curries','kimchi-jjiage_8269535_37hwtmzqo.png','Curries',NULL,NULL,'as-nav-cat','2024-01-18 12:31:49','2025-08-22 13:02:28',17,1,NULL),(9,'House Specials','House specials','review_6100372_kjcp03d2t.png','House Specials',NULL,NULL,'as-nav-cat','2024-01-18 12:32:12','2025-08-22 13:02:28',19,1,NULL),(10,'Desserts','Desserts','ice-cream_6959892_tm86yzpyv.png','Desserts',NULL,NULL,NULL,'2024-01-18 12:32:35','2025-08-22 13:02:28',21,1,NULL),(11,'Juices and Beverages','Juices and Beverages','beverage_1719761_pngb4kub9.png','Juices and Beverages',NULL,NULL,NULL,'2024-01-18 12:33:01','2025-08-22 13:02:28',22,1,NULL),(12,'Rice Items - Fried rice','Fried rice','food_13027166_jzoh8knvc.png','Rice Items - Fried rice',NULL,NULL,NULL,'2024-01-18 13:41:36','2025-08-22 13:02:28',13,0,NULL),(13,'Breads- Stuffed Naan','Breads','taco_5816783_mc2hx5p7o.png','Breads- Stuffed Naan',NULL,NULL,NULL,'2024-01-19 05:32:40','2025-08-22 13:02:28',15,0,NULL),(14,'Breads - other breads','Breads','tortilla_10342534_soln2tazw.png','Breads - other breads',NULL,NULL,NULL,'2024-01-19 05:35:04','2025-08-22 13:02:28',16,0,NULL),(15,'OPTIONS','OPTIONS',NULL,NULL,NULL,NULL,'as-for-cat','2024-01-19 07:01:54','2025-08-22 13:10:06',2,1,NULL),(25,'Whites','Whites','wine_5783366_4xntghuhk.png','WHITES',NULL,NULL,NULL,'2024-02-15 10:41:19','2025-08-22 13:02:28',23,1,NULL),(26,'Reds','Reds','wine_1651741_525vapkj5.png','REDS',NULL,NULL,NULL,'2024-02-15 10:42:53','2025-08-22 13:02:28',24,1,NULL),(27,'Beer','Beer','champagne_13394720_9ehq0eb0k.png','BEER',NULL,NULL,NULL,'2024-02-15 10:43:29','2025-08-22 13:02:28',25,1,NULL),(28,'Scotch','Scotch','drink_1381619_7saocx8dr.png','SCOTCH',NULL,NULL,NULL,'2024-02-15 10:44:14','2025-08-22 13:02:28',26,1,NULL),(30,'Breads & Kulchas','Breads & Kulchas','flatbread_4261121_e8hgkjifn_rmfyakaq8.png','Breads & Kulchas',NULL,NULL,NULL,'2025-02-22 04:17:24','2025-08-22 13:10:06',7,1,NULL),(31,'Fried Rice & Noodles','Fried Rice & Noodles','food_13020617_bsr86amfk.svg','Fried Rice & Noodles',NULL,NULL,'as-nav-cat','2025-02-22 04:30:21','2025-08-22 13:10:06',9,1,NULL),(32,'Tandoori grill & Kebabs','Tandoori grill & Kebabs','skewer_1888838_b6gc9zte1.svg','Tandoori grill & Kebabs',NULL,NULL,NULL,'2025-02-22 04:33:50','2025-08-22 13:10:06',8,1,NULL),(34,'Chef’s Specials','Chef’s Specials','chef_4937890_p5jkca8f4.svg','Chef’s Specials',NULL,NULL,NULL,'2025-02-22 05:03:05','2025-08-22 13:02:28',27,0,NULL),(36,'Extras / Sides','Extras / Sides',NULL,NULL,NULL,NULL,'as-for-cat','2025-02-22 11:45:37','2025-08-22 13:02:28',20,1,NULL),(38,'Options','Options',NULL,NULL,NULL,NULL,'as-for-cat','2025-02-22 13:48:52','2025-08-22 13:02:28',18,1,NULL),(39,'options','options',NULL,NULL,NULL,NULL,'as-for-cat','2025-02-22 13:54:55','2025-08-22 13:10:06',10,1,NULL),(40,'Appetizers','Appetizers','images_arew309s3-removebg-preview_pbrcyv590.png','Appetizers',NULL,NULL,'as-nav-cat','2025-08-22 12:54:00','2025-08-22 13:02:43',1,1,NULL);
/*!40000 ALTER TABLE `product_categories` ENABLE KEYS */;
UNLOCK TABLES;

--
-- Table structure for table `products`
--

DROP TABLE IF EXISTS `products`;
/*!40101 SET @saved_cs_client     = @@character_set_client */;
/*!50503 SET character_set_client = utf8mb4 */;
CREATE TABLE `products` (
  `id` bigint unsigned NOT NULL AUTO_INCREMENT,
  `product_category_id` bigint unsigned NOT NULL,
  `title` varchar(255) COLLATE utf8mb4_unicode_ci NOT NULL,
  `slug` varchar(255) COLLATE utf8mb4_unicode_ci DEFAULT NULL,
  `sub_title` varchar(255) COLLATE utf8mb4_unicode_ci DEFAULT NULL,
  `post_date` datetime DEFAULT NULL,
  `image` varchar(255) COLLATE utf8mb4_unicode_ci DEFAULT NULL,
  `image_alt_text` varchar(255) COLLATE utf8mb4_unicode_ci DEFAULT NULL,
  `short_description` varchar(255) COLLATE utf8mb4_unicode_ci DEFAULT NULL,
  `description` text COLLATE utf8mb4_unicode_ci,
  `image_gallery` text COLLATE utf8mb4_unicode_ci,
  `video_gallery` text COLLATE utf8mb4_unicode_ci,
  `video_url` varchar(255) COLLATE utf8mb4_unicode_ci DEFAULT NULL,
  `video_iframe` varchar(255) COLLATE utf8mb4_unicode_ci DEFAULT NULL,
  `custom_url` varchar(255) COLLATE utf8mb4_unicode_ci DEFAULT NULL,
  `map_url` varchar(255) COLLATE utf8mb4_unicode_ci DEFAULT NULL,
  `map_iframe` varchar(255) COLLATE utf8mb4_unicode_ci DEFAULT NULL,
  `page_title` text COLLATE utf8mb4_unicode_ci,
  `seo_title` text COLLATE utf8mb4_unicode_ci,
  `seo_keywords` text COLLATE utf8mb4_unicode_ci,
  `seo_description` text COLLATE utf8mb4_unicode_ci,
  `publish` tinyint NOT NULL DEFAULT '1',
  `sort` bigint unsigned DEFAULT NULL,
  `created_at` timestamp NULL DEFAULT NULL,
  `updated_at` timestamp NULL DEFAULT NULL,
  `special_product` tinyint NOT NULL DEFAULT '0',
  `location_id` text COLLATE utf8mb4_unicode_ci,
  `location_prices` text COLLATE utf8mb4_unicode_ci,
  PRIMARY KEY (`id`),
  KEY `products_product_category_id_foreign` (`product_category_id`),
  CONSTRAINT `products_product_category_id_foreign` FOREIGN KEY (`product_category_id`) REFERENCES `product_categories` (`id`)
) ENGINE=InnoDB AUTO_INCREMENT=265 DEFAULT CHARSET=utf8mb4 COLLATE=utf8mb4_unicode_ci;
/*!40101 SET character_set_client = @saved_cs_client */;

--
-- Dumping data for table `products`
--

LOCK TABLES `products` WRITE;
/*!40000 ALTER TABLE `products` DISABLE KEYS */;
INSERT INTO `products` VALUES (14,1,'SAMOSA (4 PCS)','samosa-4-pcs','$9.99',NULL,'concept-of-tasty-food-with-samsa-on-red-background-2023-11-27-05-15-17-utc_nwphq4xhw.jpg',NULL,NULL,'<p>(Crisp triangular pastry filled with spiced potatoes and peas)</p>','\"[]\"',NULL,NULL,NULL,NULL,NULL,NULL,NULL,NULL,NULL,NULL,1,147,'2024-01-18 12:42:44','2026-05-04 15:26:10',1,'[\"2\",\"1\"]','{\"1\":\"9.99\",\"2\":\"9.99\"}'),(15,1,'VEG PAKORA','veg-pakora','$9.99',NULL,'1111111111_r5hpdvzxw.jpg',NULL,NULL,'<p>(Crispy fritters made with mixed vegetables and gram flour batter)</p>','\"[]\"',NULL,NULL,NULL,NULL,NULL,NULL,NULL,NULL,NULL,NULL,1,148,'2024-01-18 12:45:47','2026-05-04 15:26:30',0,'[\"1\",\"2\"]','{\"1\":\"9.99\",\"2\":\"9.99\"}'),(16,1,'EGG BONDA (4 PCS)','egg-bonda-4-pcs','$9.99',NULL,'meatballs-sweet-sour-tomato-sauce_jcdwtmmqu.jpg',NULL,NULL,'<p>(Boiled egg dipped in spiced gram flour batter and deep-fried until golden)</p>','\"[]\"',NULL,NULL,NULL,NULL,NULL,NULL,NULL,NULL,NULL,NULL,1,149,'2024-01-18 12:46:23','2026-05-04 15:26:44',1,'[\"1\",\"2\"]','{\"1\":\"9.99\",\"2\":\"9.99\"}'),(17,1,'MYSORE BONDA (6 PCS)','mysore-bonda-6-pcs','$9.99',NULL,'side-view-stewed-meatballs-with-tomato-sauce-bell-pepper-spring-onion-mint-plate_8vkafwfnb.jpg',NULL,NULL,'<p>(Golden, crispy fritters made from a spiced yogurt and flour batter)</p>','\"[]\"',NULL,NULL,NULL,NULL,NULL,NULL,NULL,NULL,NULL,NULL,0,150,'2024-01-18 12:47:40','2026-05-04 17:07:00',1,'[\"2\",\"1\"]','{\"2\":\"9.99\",\"1\":\"9.99\"}'),(18,1,'MEDU VADA (4 PCS)','medu-vada-4-pcs','$9.99',NULL,'tasty-traditional-chicken-nuggets-closeup-and-vege-2023-11-27-05-31-33-utc_iecpcp32m.jpg',NULL,NULL,'<p>(Crispy, savory doughnuts made from spiced urad dal batter)</p>','\"[]\"',NULL,NULL,NULL,NULL,NULL,NULL,NULL,NULL,NULL,NULL,0,171,'2024-01-18 12:48:01','2026-05-04 17:06:59',1,'[\"2\",\"1\"]','{\"2\":\"9.99\",\"1\":\"9.99\"}'),(19,1,'CUT MIRCHI BAJJI','cut-mirchi-bajji','$9.99',NULL,'meat-dish-with-vegetables_8gy3jpcje.jpg',NULL,NULL,'<p>(Spicy chili peppers stuffed with seasoned filling, dipped in gram flour batter, and deep-fried until golden)</p>','\"[]\"',NULL,NULL,NULL,NULL,NULL,NULL,NULL,NULL,NULL,NULL,1,170,'2024-01-18 12:48:43','2026-05-04 15:27:29',1,'[\"1\",\"2\"]','{\"1\":\"9.99\",\"2\":\"9.99\"}'),(20,1,'CURRY LEAVES CHICKEN','curry-leaves-chicken-','$15.49',NULL,NULL,NULL,NULL,'<p>(A delicious recipe where chicken is cooked in spicy mint, curry leaves, and coriander gravy)</p>','\"[]\"',NULL,NULL,NULL,NULL,NULL,NULL,NULL,NULL,NULL,NULL,0,169,'2024-01-18 12:49:46','2026-05-04 15:26:12',0,'[\"1\",\"2\"]','{\"1\":\"21\"}'),(21,1,'CHILI PANEER','chili-paneer-','$15.49',NULL,NULL,NULL,NULL,'<p>(Succulent paneer pieces coated in a thick spicy batter &amp; fried until the crisp is added to a garlic-chili&nbsp;&nbsp;luscious gravy)</p>','\"[]\"',NULL,NULL,NULL,NULL,NULL,NULL,NULL,NULL,NULL,NULL,0,168,'2024-01-18 12:53:50','2026-05-04 15:26:16',0,'[\"1\",\"2\"]','{\"1\":\"35\"}'),(22,1,'CHILI CHICKEN','chili-chicken-','$15.49',NULL,NULL,NULL,NULL,'<p>(Succulent chicken pieces coated in a thick spicy batter &amp; fried until the crisp is added to a&nbsp; garlic-chili luscious gravy)</p>','\"[]\"',NULL,NULL,NULL,NULL,NULL,NULL,NULL,NULL,NULL,NULL,0,167,'2024-01-18 12:55:01','2026-04-16 20:34:30',0,'[\"1\",\"2\"]','{\"1\":\"12\",\"2\":\"33\"}'),(23,36,'MINT CHUTNEY (4 OZ)','mint-chutney-4-oz','$1.99',NULL,'1111111111_6lx36xl50.jpg',NULL,NULL,NULL,'\"[]\"',NULL,NULL,NULL,NULL,NULL,NULL,NULL,NULL,NULL,NULL,1,38,'2024-01-18 12:56:03','2026-05-04 16:56:52',0,'[\"1\",\"2\"]','{\"1\":\"1.99\",\"2\":\"1.99\"}'),(26,2,'RAITA','raita','$2.49',NULL,NULL,NULL,NULL,NULL,'\"[]\"',NULL,NULL,NULL,NULL,NULL,NULL,NULL,NULL,NULL,NULL,1,166,'2024-01-18 12:56:27','2026-04-16 20:34:30',0,'[\"1\"]','{\"1\":\"19\"}'),(27,36,'POPPADAM','poppadam','$2.99',NULL,NULL,NULL,NULL,NULL,'\"[]\"',NULL,NULL,NULL,NULL,NULL,NULL,NULL,NULL,NULL,NULL,1,42,'2024-01-18 12:56:57','2026-05-04 16:58:39',0,'[\"1\",\"2\"]','{\"1\":\"2.99\",\"2\":\"2.99\"}'),(28,2,'MIXED PICKLE','mixed-pickle','$2.49',NULL,NULL,NULL,NULL,NULL,'\"[]\"',NULL,NULL,NULL,NULL,NULL,NULL,NULL,NULL,NULL,NULL,1,165,'2024-01-18 12:57:31','2026-04-16 20:34:30',0,'[\"1\",\"2\"]','{\"1\":\"63\",\"2\":\"60\"}'),(29,36,'CUP OF RICE','cup-of-rice','$3.99',NULL,NULL,NULL,NULL,NULL,'\"[]\"',NULL,NULL,NULL,NULL,NULL,NULL,NULL,NULL,NULL,NULL,1,44,'2024-01-18 12:58:15','2026-05-04 16:58:58',0,'[\"1\",\"2\"]','{\"1\":\"3.99\",\"2\":\"3.99\"}'),(30,3,'MULLIGATAWNY SOUP','mulligatawny-soup','$6.49',NULL,NULL,NULL,NULL,'<p>&nbsp;(Vegetables &amp; lentils, seasoned with mild spices, blended into a puree and finished with coconut milk)</p>','\"[]\"',NULL,NULL,NULL,NULL,NULL,NULL,NULL,NULL,NULL,NULL,1,23,'2024-01-18 13:00:06','2026-05-04 15:23:52',0,'[\"1\",\"2\"]','{\"1\":\"6.49\",\"2\":\"6.49\"}'),(31,3,'MUSHROOM SOUP','mushroom-soup','$6.49',NULL,NULL,NULL,NULL,'<p>(Vegetables &amp; lentils, seasoned with mild spices, blended into a puree and finished with)</p>','\"[]\"',NULL,NULL,NULL,NULL,NULL,NULL,NULL,NULL,NULL,NULL,1,21,'2024-01-18 13:01:00','2026-05-04 15:23:02',0,'[\"1\",\"2\"]','{\"1\":\"6.49\",\"2\":\"6.49\"}'),(32,3,'GREEN SALAD','green-salad-','$7.99',NULL,NULL,NULL,NULL,'<p>(A vibrant mix of fresh greens, Cucumber, tomatoes, and onions witha tangy yogurt dressing)</p>','\"[]\"',NULL,NULL,NULL,NULL,NULL,NULL,NULL,NULL,NULL,NULL,0,27,'2024-01-18 13:02:07','2026-05-04 17:06:07',0,'[\"1\",\"2\"]','{\"1\":\"7.99\",\"2\":\"7.99\"}'),(33,32,'TANDOORI CHICKEN','tandoori-chicken-','$16.99',NULL,NULL,NULL,NULL,'<p>(Marinated Bone-in chicken cooked in a tandoor,<br>&nbsp;featuring a smoky flavor and vibrant color from<br>&nbsp;the a blend of yogurt, spices, and herbs.)</p>','\"[]\"',NULL,NULL,NULL,NULL,NULL,NULL,NULL,NULL,NULL,NULL,1,55,'2024-01-18 13:03:37','2026-05-04 15:34:02',0,'[\"2\",\"1\"]','{\"2\":\"16.99\",\"1\":\"16.99\"}'),(34,4,'RESHMI KEBAB','reshmi-kebab-','$15.49',NULL,NULL,NULL,NULL,'<p>(Traditional Indian skewered chicken marinated in a juicy mixture of curd, cream, cashew nuts &amp; spices &amp; grilled)</p>','\"[]\"',NULL,NULL,NULL,NULL,NULL,NULL,NULL,NULL,NULL,NULL,1,164,'2024-01-18 13:17:22','2026-04-16 20:34:30',0,'[\"1\",\"2\"]','{\"1\":\"21\",\"2\":\"65\"}'),(35,32,'CHICKEN TIKKA','chicken-tikka-','$17.99',NULL,'Chicken-Tikka-Masala-15_ryn95l8wh.jpg',NULL,NULL,'<p>(Marinated chunks of boneless chicken or paneer,<br>&nbsp;grilled to perfection, with a smoky flavor and<br>&nbsp;vibrant spices.)</p>','\"[]\"',NULL,NULL,NULL,NULL,NULL,NULL,NULL,NULL,NULL,NULL,1,56,'2024-01-18 13:27:44','2026-05-04 15:34:11',1,'[\"1\",\"2\"]','{\"1\":\"17.99\",\"2\":\"17.99\"}'),(36,4,'SEEKH KEBAB','seekh-kebab-','$18.99',NULL,NULL,NULL,NULL,'<p>(It is made with Indian spices mixed with minced lamb, formed into cylinders on skewers, and grilled)</p>','\"[]\"',NULL,NULL,NULL,NULL,NULL,NULL,NULL,NULL,NULL,NULL,1,163,'2024-01-18 13:29:50','2026-04-16 20:34:30',0,'[\"1\"]','{\"1\":\"11\"}'),(37,4,'TANDOORI SHRIMP','tandoori-shrimp-','$18.99',NULL,NULL,NULL,NULL,'<p>(Jumbo shrimp marinated in yogurt with herbs &amp; spices)</p>','\"[]\"',NULL,NULL,NULL,NULL,NULL,NULL,NULL,NULL,NULL,NULL,1,162,'2024-01-18 13:30:32','2026-04-16 20:34:30',0,'[\"1\"]','{\"1\":\"56\"}'),(38,32,'MIXED GRILL','mixed-grill-','$22.99',NULL,NULL,NULL,NULL,'<p>(Blend of Tandoori chicken, Reshmi Kebab, Shrimp,<br>&nbsp;Lamb Seekh Kebab.)</p>','\"[]\"',NULL,NULL,NULL,NULL,NULL,NULL,NULL,NULL,NULL,NULL,1,63,'2024-01-18 13:31:17','2026-05-04 15:35:30',0,'[\"2\",\"1\"]','{\"2\":\"22.99\",\"1\":\"22.99\"}'),(39,5,'VEG BIRYANI','veg-biryani','$14.99',NULL,NULL,NULL,NULL,'<p>(Aromatic spiced rice layered with mixed<br>&nbsp;vegetables, creating a rich and flavorful dish.)</p>','\"[]\"',NULL,NULL,NULL,NULL,NULL,NULL,NULL,NULL,NULL,NULL,1,72,'2024-01-18 13:43:06','2026-05-04 15:38:30',0,'[\"2\",\"1\"]','{\"2\":\"14.99\",\"1\":\"14.99\"}'),(40,5,'GOAT BIRYANI','goat-biryani','$19.99',NULL,NULL,NULL,NULL,'<p>(Slow-cooked goat blended with fragrant rice, creating a bold and flavorful delight.)</p>','\"[]\"',NULL,NULL,NULL,NULL,NULL,NULL,NULL,NULL,NULL,NULL,1,77,'2024-01-18 13:43:45','2026-05-04 15:40:13',0,'[\"1\",\"2\"]','{\"1\":\"19.99\",\"2\":\"19.99\"}'),(41,5,'CHICKEN BIRYANI','chicken-biryani','$16.99',NULL,NULL,NULL,NULL,'<p>(Tender chicken cooked with aromatic rice, delivering a burst of rich and savory flavors.)</p>','\"[]\"',NULL,NULL,NULL,NULL,NULL,NULL,NULL,NULL,NULL,NULL,1,75,'2024-01-18 13:44:20','2026-05-04 15:39:07',0,'[\"1\",\"2\"]','{\"1\":\"16.99\",\"2\":\"16.99\"}'),(42,5,'LAMB BIRYANI','lamb-biryani','$18.99',NULL,NULL,NULL,NULL,'<p>(Succulent lamb layered with spiced rice, offering a deep and hearty taste.)</p>','\"[]\"',NULL,NULL,NULL,NULL,NULL,NULL,NULL,NULL,NULL,NULL,1,76,'2024-01-18 13:45:02','2026-05-04 15:39:53',0,'[\"2\",\"1\"]','{\"2\":\"18.99\",\"1\":\"18.99\"}'),(43,5,'SHRIMP BIRYANI','shrimp-biryani','$19.99',NULL,NULL,NULL,NULL,'<p>(Juicy shrimp layered with aromatic rice, delivering a perfect balance of spice and seafood flavors.)</p>','\"[]\"',NULL,NULL,NULL,NULL,NULL,NULL,NULL,NULL,NULL,NULL,1,79,'2024-01-18 13:45:42','2026-05-04 15:39:57',0,'[\"1\",\"2\"]','{\"1\":\"19.99\",\"2\":\"19.99\"}'),(44,31,'FRIED RICE','fried-rice',NULL,NULL,NULL,NULL,NULL,'<p>(A savory rice with a blend of soy sauce, garlic, and<br>&nbsp;ginger.)</p>','\"[]\"',NULL,NULL,NULL,NULL,NULL,NULL,NULL,NULL,NULL,NULL,1,64,'2024-01-18 13:47:01','2026-05-04 15:36:09',0,'[\"2\",\"1\"]',NULL),(45,15,'PANEER / TOFU','paneer--tofu','$15.99',NULL,NULL,NULL,NULL,NULL,'\"[]\"',NULL,NULL,NULL,NULL,NULL,NULL,NULL,NULL,NULL,NULL,1,69,'2024-01-18 13:47:52','2026-05-04 16:47:53',0,'[\"1\",\"2\"]','{\"1\":\"15.99\",\"2\":\"15.99\"}'),(46,31,'CHICKEN FRIED RICE','chicken-fried-rice','$17.49',NULL,NULL,NULL,NULL,NULL,'\"[]\"',NULL,NULL,NULL,NULL,NULL,NULL,NULL,NULL,NULL,NULL,0,125,'2024-01-18 13:49:40','2026-05-04 15:36:12',0,'[\"1\",\"2\"]',NULL),(47,31,'SHRIMP FRIED RICE','shrimp-fried-rice','$18.49',NULL,NULL,NULL,NULL,NULL,'\"[]\"',NULL,NULL,NULL,NULL,NULL,NULL,NULL,NULL,NULL,NULL,0,126,'2024-01-18 13:50:48','2026-05-04 15:36:15',0,'[\"1\",\"2\"]',NULL),(48,6,'IDLY','idly-','$10.99',NULL,NULL,NULL,NULL,'<p>(Soft, fluffy steamed rice cakes made from fermented batter of rice and urad dal, perfect for a light and wholesome meal)</p>','\"[]\"',NULL,NULL,NULL,NULL,NULL,NULL,NULL,NULL,NULL,NULL,1,28,'2024-01-19 04:46:48','2026-05-04 14:45:37',0,'[\"1\"]','{\"1\":\"10.99\",\"2\":\"31\"}'),(49,6,'PLAIN DOSA','plain-dosa-','$14.99',NULL,NULL,NULL,NULL,'<p>(&nbsp;A crispy, thin, golden-brown South Indian crepe-like<br>&nbsp;pancake made from fermented rice and urad dal.)</p>','\"[]\"',NULL,NULL,NULL,NULL,NULL,NULL,NULL,NULL,NULL,NULL,1,30,'2024-01-19 04:48:57','2026-05-04 14:46:43',0,'[\"1\"]','{\"2\":\"45\",\"1\":\"14.99\"}'),(53,6,'MASALA DOSA','masala-dosa-','$16.99',NULL,NULL,NULL,NULL,'<p>(Filled with a spiced potato mixture)</p>','\"[]\"',NULL,NULL,NULL,NULL,NULL,NULL,NULL,NULL,NULL,NULL,1,31,'2024-01-19 04:51:27','2026-05-04 14:45:47',0,'[\"1\"]','{\"1\":\"16.99\",\"2\":\"53\"}'),(54,6,'MYSORE MASALA DOSA','mysore-masala-dosa-','$17.99',NULL,NULL,NULL,NULL,'<p>(&nbsp;Spread with spicy chutney and Filled<br>&nbsp;with a spiced potato mixture)</p>','\"[]\"',NULL,NULL,NULL,NULL,NULL,NULL,NULL,NULL,NULL,NULL,1,32,'2024-01-19 04:52:37','2026-05-04 14:46:06',0,'[\"1\"]','{\"1\":\"17.99\",\"2\":\"67\"}'),(55,30,'PLAIN NAAN','plain-naan','$2.99',NULL,NULL,NULL,NULL,'<p>(Soft, pillowy bread baked in a tandoor, perfect for<br>&nbsp;scooping up curries and dips.)</p>','\"[]\"',NULL,NULL,NULL,NULL,NULL,NULL,NULL,NULL,NULL,NULL,1,45,'2024-01-19 06:04:59','2026-05-04 15:30:42',0,'[\"1\",\"2\"]','{\"1\":\"2.99\",\"2\":\"2.99\"}'),(56,30,'BUTTER NAAN','butter-naan','$3.99',NULL,NULL,NULL,NULL,'<p>(Brushed with melted butter)</p>','\"[]\"',NULL,NULL,NULL,NULL,NULL,NULL,NULL,NULL,NULL,NULL,1,46,'2024-01-19 06:14:02','2026-05-04 15:30:48',0,'[\"2\",\"1\"]','{\"2\":\"3.99\",\"1\":\"3.99\"}'),(57,30,'GARLIC BUTTER NAAN','garlic-butter-naan','$4.99',NULL,NULL,NULL,NULL,'<p>(&nbsp;Brushed with melted butter and topped<br>&nbsp;with aromatic garlic for flavorful twist)</p>','\"[]\"',NULL,NULL,NULL,NULL,NULL,NULL,NULL,NULL,NULL,NULL,1,47,'2024-01-19 06:15:07','2026-05-04 15:30:58',0,'[\"2\",\"1\"]','{\"2\":\"4.99\",\"1\":\"4.99\"}'),(58,30,'CHILI GARLIC NAAN','chili-garlic-naan','$4.99',NULL,NULL,NULL,NULL,'<p>(Infused with spicy chili and aromatic<br>&nbsp;garlic, offering a flavorful and zesty twist.)</p>','\"[]\"',NULL,NULL,NULL,NULL,NULL,NULL,NULL,NULL,NULL,NULL,1,48,'2024-01-19 06:15:50','2026-05-04 15:31:09',0,'[\"1\",\"2\"]','{\"1\":\"4.99\",\"2\":\"4.99\"}'),(59,30,'ONION KULCHA','onion-kulcha','$6.99',NULL,NULL,NULL,NULL,'<p>(onion and cilantro stuffed bread)</p>','\"[]\"',NULL,NULL,NULL,NULL,NULL,NULL,NULL,NULL,NULL,NULL,1,51,'2024-01-19 06:18:32','2026-05-04 15:31:48',0,'[\"1\",\"2\"]','{\"1\":\"6.99\",\"2\":\"6.99\"}'),(60,30,'KASHMIRI KULCHA','kashmiri-kulcha','$6.99',NULL,NULL,NULL,NULL,'<p>(Stuffed with dried fruits, nuts, and dried<br>&nbsp;coconut)</p>','\"[]\"',NULL,NULL,NULL,NULL,NULL,NULL,NULL,NULL,NULL,NULL,1,52,'2024-01-19 06:19:58','2026-05-04 15:31:58',0,'[\"1\",\"2\"]','{\"1\":\"6.99\",\"2\":\"6.99\"}'),(61,30,'PANEER KULCHA','paneer-kulcha','$6.99',NULL,NULL,NULL,NULL,'<p>(panner,onions and some spices,stuffed bread)</p>','\"[]\"',NULL,NULL,NULL,NULL,NULL,NULL,NULL,NULL,NULL,NULL,1,50,'2024-01-19 06:21:58','2026-05-04 15:31:37',0,'[\"1\",\"2\"]','{\"1\":\"6.99\",\"2\":\"6.99\"}'),(62,30,'TANDOORI ROTI','tandoori-roti','$4.99',NULL,NULL,NULL,NULL,'<p>(Whole wheat flat bread cooked in a tandoor, resulting<br>&nbsp;in a slightly crisp texture with a smoky flavor.)</p>','\"[]\"',NULL,NULL,NULL,NULL,NULL,NULL,NULL,NULL,NULL,NULL,1,49,'2024-01-19 06:25:26','2026-05-04 15:31:20',0,'[\"1\",\"2\"]','{\"1\":\"4.99\",\"2\":\"4.99\"}'),(63,14,'CHAPPATI','chappati','$4.49',NULL,NULL,NULL,NULL,'<p>(Puffed whole wheat bread)</p>','\"[]\"',NULL,NULL,NULL,NULL,NULL,NULL,NULL,NULL,NULL,NULL,1,153,'2024-01-19 06:27:22','2026-04-16 20:34:30',0,'[\"2\"]','{\"2\":\"22\"}'),(65,30,'MIXED BASKET','mixed-basket','$17.99',NULL,NULL,NULL,NULL,'<p>(Mixture of Garlic Naan, Butter Naan,<br>&nbsp;Kashmiri Kulcha, and Tandoori Roti)</p>','\"[]\"',NULL,NULL,NULL,NULL,NULL,NULL,NULL,NULL,NULL,NULL,1,53,'2024-01-19 06:29:51','2026-05-04 15:32:09',0,'[\"1\",\"2\"]','{\"1\":\"17.99\",\"2\":\"17.99\"}'),(66,8,'TIKKA MASALA','tikka-masala',NULL,NULL,NULL,NULL,NULL,'<p>(A rich, creamy tomato-based sauce with aromatic<br>&nbsp;spices)</p>','\"[]\"',NULL,NULL,NULL,NULL,NULL,NULL,NULL,NULL,NULL,NULL,1,80,'2024-01-19 06:33:25','2026-05-04 15:41:01',0,'[\"1\",\"2\"]',NULL),(67,8,'BUTTER / MAKHANI','butter--makhani',NULL,NULL,NULL,NULL,NULL,'<p>(A velvety, buttery tomato sauce enriched with&nbsp;<br>aromatic spices and a touch of cream)</p>','\"[]\"',NULL,NULL,NULL,NULL,NULL,NULL,NULL,NULL,NULL,NULL,1,81,'2024-01-19 06:36:06','2026-05-04 15:41:04',0,'[\"1\",\"2\"]',NULL),(68,8,'KORMA','korma',NULL,NULL,NULL,NULL,NULL,'<p>(A smooth cream base infused with aromatic spice,<br>&nbsp;and it delivers a rich, luxurious flavor with a hint of<br>&nbsp;sweetness in every bite)</p>','\"[]\"',NULL,NULL,NULL,NULL,NULL,NULL,NULL,NULL,NULL,NULL,1,82,'2024-01-19 06:38:49','2026-05-04 15:41:06',0,'[\"2\",\"1\"]',NULL),(69,8,'GONGURA','gongura-',NULL,NULL,NULL,NULL,NULL,'<p>(The gongura curry is cooked with gongura leaves, roasted methi, coriander seeds, and red chilies, which heighten the flavor and give it a tangy taste)</p>','\"[]\"',NULL,NULL,NULL,NULL,NULL,NULL,NULL,NULL,NULL,NULL,1,89,'2024-01-19 06:42:41','2026-05-04 15:41:07',0,'[\"2\",\"1\"]',NULL),(70,8,'KADAI','kadai-',NULL,NULL,NULL,NULL,NULL,'<p>(A robust, spiced sauce with a base of tomatoes, bell<br>&nbsp;peppers, and a blend of traditional Indian spices)</p>','\"[]\"',NULL,NULL,NULL,NULL,NULL,NULL,NULL,NULL,NULL,NULL,1,88,'2024-01-19 06:45:22','2026-05-04 15:41:10',0,'[\"1\",\"2\"]',NULL),(71,8,'SOUTH INDIAN CURRY','south-indian-curry',NULL,NULL,NULL,NULL,NULL,'<p>(Meat or egg cooked ina variety of species or herbs,usually including ground turmeric,cumin,coriender,ginger, and fresh or dried chilies)</p>','\"[]\"',NULL,NULL,NULL,NULL,NULL,NULL,NULL,NULL,NULL,NULL,0,152,'2024-01-19 06:48:03','2026-05-04 15:41:16',0,'[\"2\",\"1\"]',NULL),(72,8,'CHETTINAD','chettinad-',NULL,NULL,NULL,NULL,NULL,'<p>(Spicy, aromatic sauce made with roasted spices&nbsp;and coconut paste.)</p>','\"[]\"',NULL,NULL,NULL,NULL,NULL,NULL,NULL,NULL,NULL,NULL,1,85,'2024-01-19 06:53:58','2026-05-04 15:41:17',0,'[\"2\",\"1\"]',NULL),(73,8,'MALABAR CURRY','malabar-curry',NULL,NULL,NULL,NULL,NULL,'<p>&nbsp;(Flavored with pearl onions, fennel, and coriander and made creamy with a slightly smoky flavor with roasted coconut paste)<br />\r\n&nbsp;</p>','\"[]\"',NULL,NULL,NULL,NULL,NULL,NULL,NULL,NULL,NULL,NULL,0,151,'2024-01-19 06:57:18','2026-05-04 15:41:17',0,'[\"2\",\"1\"]',NULL),(74,8,'ROGANJOSH','roganjosh',NULL,NULL,NULL,NULL,NULL,'<p>(A classic Kashmiri curry slow-cooked in a fragrant<br>&nbsp;blend of spices, yogurt, and dried Kashmiri chilies)<br>&nbsp;</p>','\"[]\"',NULL,NULL,NULL,NULL,NULL,NULL,NULL,NULL,NULL,NULL,1,87,'2024-01-19 06:58:10','2026-05-04 15:41:19',0,'[\"1\",\"2\"]',NULL),(75,8,'VINDALOO','vindaloo',NULL,NULL,NULL,NULL,NULL,'<p>(A fiery, tangy sauce with vinegar, garlic, and a blend<br>&nbsp;of bold spices.)</p>','\"[]\"',NULL,NULL,NULL,NULL,NULL,NULL,NULL,NULL,NULL,NULL,1,86,'2024-01-19 06:58:55','2026-05-04 15:41:23',0,'[\"1\",\"2\"]',NULL),(76,38,'VEG','veg','$14.99',NULL,NULL,NULL,NULL,NULL,'\"[]\"',NULL,NULL,NULL,NULL,NULL,NULL,NULL,NULL,NULL,NULL,1,94,'2024-01-19 07:02:35','2026-05-04 16:54:31',0,'[\"1\",\"2\"]','{\"1\":\"14.99\",\"2\":\"14.99\"}'),(77,15,'CHICKEN','chicken-','$15.99',NULL,NULL,NULL,NULL,NULL,'\"[]\"',NULL,NULL,NULL,NULL,NULL,NULL,NULL,NULL,NULL,NULL,1,70,'2024-01-19 07:03:29','2026-05-04 16:48:06',0,'[\"2\",\"1\"]','{\"2\":\"15.99\",\"1\":\"15.99\"}'),(78,38,'LAMB','lamb','$18.99',NULL,'lamb_kurma_9e4fcqw5h.png',NULL,NULL,NULL,'\"[]\"',NULL,NULL,NULL,NULL,NULL,NULL,NULL,NULL,NULL,NULL,1,98,'2024-01-19 07:04:16','2026-05-04 16:55:36',1,'[\"1\",\"2\"]','{\"1\":\"18.99\",\"2\":\"18.99\"}'),(79,15,'FISH / SHRIMP','fish--shrimp','$17.99',NULL,NULL,NULL,NULL,NULL,'\"[]\"',NULL,NULL,NULL,NULL,NULL,NULL,NULL,NULL,NULL,NULL,1,71,'2024-01-19 07:04:56','2026-05-04 16:48:22',0,'[\"1\",\"2\"]','{\"1\":\"17.99\",\"2\":\"17.99\"}'),(80,15,'PANEER','paneer-','$16.99',NULL,NULL,NULL,NULL,NULL,'\"[]\"',NULL,NULL,NULL,NULL,NULL,NULL,NULL,NULL,NULL,NULL,0,124,'2024-01-19 07:05:40','2026-05-04 17:05:18',0,'[\"1\",\"2\"]','{\"1\":\"15.99\",\"2\":\"15.99\"}'),(82,38,'FISH / SHRIMP','fish--shrimp','$19.99',NULL,NULL,NULL,NULL,NULL,'\"[]\"',NULL,NULL,NULL,NULL,NULL,NULL,NULL,NULL,NULL,NULL,1,100,'2024-01-19 07:06:44','2026-05-04 16:55:22',0,'[\"1\",\"2\"]','{\"1\":\"19.99\",\"2\":\"19.99\"}'),(83,9,'ALOO MUTTER','aloo-mutter-','$14.99',NULL,NULL,NULL,NULL,'<p>(&nbsp;Savory sauce featuring potatoes and green peas<br>&nbsp;simmered in a spiced tomato-based gravy with<br>&nbsp;aromatic herbs.)</p>','\"[]\"',NULL,NULL,NULL,NULL,NULL,NULL,NULL,NULL,NULL,NULL,1,115,'2024-01-19 07:10:04','2026-05-04 15:46:09',0,'[\"1\",\"2\"]','{\"1\":\"14.99\",\"2\":\"14.99\"}'),(84,9,'CHANA MASALA','chana-masala-','$13.49',NULL,NULL,NULL,NULL,'<p>(Chickpeas cooked with onions, tomatoes &amp; Indian spices)<br />\r\n&nbsp;</p>','\"[]\"',NULL,NULL,NULL,NULL,NULL,NULL,NULL,NULL,NULL,NULL,0,161,'2024-01-19 07:10:51','2026-05-04 15:43:04',0,'[\"2\",\"1\"]','{\"2\":\"22\"}'),(85,9,'DAL THADKA','dal-thadka-','$13.99',NULL,NULL,NULL,NULL,'<p>(A flavorful, spiced sauce with tempered dal (lentils),<br>&nbsp;enriched with cumin, garlic, and a hint of turmeric)</p>','\"[]\"',NULL,NULL,NULL,NULL,NULL,NULL,NULL,NULL,NULL,NULL,1,109,'2024-01-19 07:11:41','2026-05-04 15:44:02',0,'[\"1\",\"2\"]','{\"1\":\"13.99\",\"2\":\"13.99\"}'),(86,9,'ALOO GOBI','aloo-gobi-','$14.99',NULL,NULL,NULL,NULL,'<p>(A flavorful sauce with potatoes and cauliflower<br>&nbsp;cooked in a blend of turmeric, cumin, and<br>&nbsp;coriander for a rich, aromatic taste.)</p>','\"[]\"',NULL,NULL,NULL,NULL,NULL,NULL,NULL,NULL,NULL,NULL,1,116,'2024-01-19 07:12:30','2026-05-04 15:45:52',0,'[\"1\",\"2\"]','{\"1\":\"14.99\",\"2\":\"14.99\"}'),(87,9,'METHI MUTTER MALAI','methi-mutter-malai-','$14.99',NULL,NULL,NULL,NULL,'<p>(A creamy, rich sauce with peas and fenugreek<br>&nbsp;leaves, enhanced with a blend of spices and a<br>&nbsp;touch of cream.)</p>','\"[]\"',NULL,NULL,NULL,NULL,NULL,NULL,NULL,NULL,NULL,NULL,1,119,'2024-01-19 07:13:15','2026-05-04 15:47:25',0,'[\"2\",\"1\"]','{\"2\":\"14.99\",\"1\":\"14.99\"}'),(88,9,'BAINGAN BHARTA','baingan-bharta-','$14.99',NULL,NULL,NULL,NULL,'<p>(A smoky, savory sauce made with roasted<br>&nbsp;eggplant, tomatoes, and a blend of spices for a<br>&nbsp;rich, deep flavor.)</p>','\"[]\"',NULL,NULL,NULL,NULL,NULL,NULL,NULL,NULL,NULL,NULL,1,117,'2024-01-19 07:14:12','2026-05-04 15:46:51',0,'[\"1\",\"2\"]','{\"1\":\"14.99\",\"2\":\"14.99\"}'),(89,9,'EGG CURRY','egg-curry-','$13.49',NULL,NULL,NULL,NULL,'<p>(Egg cooked in a variety of spices or herbs, usually including ground turmeric, cumin, coriander, ginger, &nbsp;and fresh or dried chilies)<br />\r\n&nbsp;</p>','\"[]\"',NULL,NULL,NULL,NULL,NULL,NULL,NULL,NULL,NULL,NULL,0,160,'2024-01-19 07:14:59','2026-05-04 15:43:12',0,'[\"1\",\"2\"]','{\"1\":\"66\"}'),(90,9,'MALAI KOFTA','malai-kofta-','$15.99',NULL,NULL,NULL,NULL,'<p>(A creamy, rich sauce with soft, spiced paneer balls<br>&nbsp; in a blend of tomato, cream, cashews, raisins, and<br>&nbsp; aromatic spices.)</p>','\"[]\"',NULL,NULL,NULL,NULL,NULL,NULL,NULL,NULL,NULL,NULL,1,120,'2024-01-19 07:16:08','2026-05-04 15:47:48',0,'[\"2\",\"1\"]','{\"2\":\"15.99\",\"1\":\"15.99\"}'),(91,9,'SHAHI PANEER','shahi-paneer-','$15.49',NULL,NULL,NULL,NULL,'<p>(Homemade cheese cubes cooked with bell pepper &amp; onions)</p>','\"[]\"',NULL,NULL,NULL,NULL,NULL,NULL,NULL,NULL,NULL,NULL,0,159,'2024-01-19 07:17:08','2026-05-04 15:48:15',0,'[\"2\",\"1\"]','{\"2\":\"16.99\",\"1\":\"16.99\"}'),(92,9,'PANEER METHI MALAI','paneer-methi-malai-','$16.99',NULL,NULL,NULL,NULL,'<p>(A creamy, rich sauce with paneer cubes and<br>&nbsp;fenugreek leaves, infused with a blend of spices<br>&nbsp;and a touch of cream.)</p>','\"[]\"',NULL,NULL,NULL,NULL,NULL,NULL,NULL,NULL,NULL,NULL,1,123,'2024-01-19 07:18:02','2026-05-04 15:48:44',0,'[\"2\",\"1\"]','{\"2\":\"16.99\",\"1\":\"16.99\"}'),(93,9,'PALAK DAL','palak-dal','$14.99',NULL,NULL,NULL,NULL,'<p>(A nutritious, spiced sauce combining lentils with<br>&nbsp;fresh spinach, tempered with garlic, cumin, and a<br>&nbsp;blend of aromatic spices.)</p>','\"[]\"',NULL,NULL,NULL,NULL,NULL,NULL,NULL,NULL,NULL,NULL,1,112,'2024-01-19 07:18:46','2026-05-04 15:44:57',0,'[\"1\",\"2\"]','{\"1\":\"14.99\",\"2\":\"14.99\"}'),(94,9,'MUTTER PANEER','mutter-paneer-','$16.99',NULL,NULL,NULL,NULL,'<p>(A flavorful sauce with paneer cubes and peas<br>&nbsp;simmered in a spiced tomato gravy with aromatic<br>&nbsp;herbs.)</p>','\"[]\"',NULL,NULL,NULL,NULL,NULL,NULL,NULL,NULL,NULL,NULL,1,122,'2024-01-19 07:19:43','2026-05-04 15:49:30',0,'[\"1\",\"2\"]','{\"1\":\"16.99\",\"2\":\"16.99\"}'),(95,10,'CARROT HALWA','carrot-halwa-','$6.99',NULL,NULL,NULL,NULL,'<p>(A rich and aromatic dessert made from grated carrots, slow-cooked with ghee, milk, and sugar, flavored with cardamom, and garnished with nuts)<br>&nbsp;</p>','\"[]\"',NULL,NULL,NULL,NULL,NULL,NULL,NULL,NULL,NULL,NULL,1,15,'2024-01-19 07:21:05','2026-05-04 15:51:35',0,'[\"1\",\"2\"]','{\"1\":\"6.99\",\"2\":\"6.99\"}'),(96,10,'GULAB JAMUN','gulab-jamun','$6.99',NULL,NULL,NULL,NULL,'<p>(Soft, deep-fried dumplings made from milk solids, soaked in a fragrant sugar syrup infused with cardamom and rose water)</p>','\"[]\"',NULL,NULL,NULL,NULL,NULL,NULL,NULL,NULL,NULL,NULL,1,12,'2024-01-19 07:21:41','2026-05-04 15:51:20',0,'[\"1\",\"2\"]','{\"1\":\"6.99\",\"2\":\"6.99\"}'),(97,10,'RASMALAI','rasmalai-','$6.99',NULL,NULL,NULL,NULL,'<p>(Soft, spongy discs of chhena soaked in creamy, saffron-flavored milk, garnished with chopped nuts)</p>','\"[]\"',NULL,NULL,NULL,NULL,NULL,NULL,NULL,NULL,NULL,NULL,1,13,'2024-01-19 07:22:22','2026-05-04 15:51:23',0,'[\"1\",\"2\"]','{\"1\":\"6.99\",\"2\":\"6.99\"}'),(98,10,'RICE KHEER','rice-kheer','$6.99',NULL,NULL,NULL,NULL,'<p>(A creamy and fragrant Indian rice pudding made with slow-cooked rice, milk, sugar, and flavored with cardamom)</p>','\"[]\"',NULL,NULL,NULL,NULL,NULL,NULL,NULL,NULL,NULL,NULL,1,14,'2024-01-19 07:22:57','2026-05-04 15:51:27',0,'[\"2\",\"1\"]','{\"2\":\"6.99\",\"1\":\"6.99\"}'),(100,11,'SODA','soda','$2.49',NULL,NULL,NULL,NULL,'<p>(Drink that typically contains carbonated water a sweetener, and flavors)<br />\r\n&nbsp;</p>','\"[]\"',NULL,NULL,NULL,NULL,NULL,NULL,NULL,NULL,NULL,NULL,1,158,'2024-01-19 07:24:49','2026-05-04 15:53:43',0,'[\"1\",\"2\"]','{\"1\":\"2.49\",\"2\":\"2.49\"}'),(101,11,'MASALA CHAI','masala-chai-','$4.49',NULL,NULL,NULL,NULL,'<p>(Spiced beverage brewed with different proportions of warming spices)</p>','\"[]\"',NULL,NULL,NULL,NULL,NULL,NULL,NULL,NULL,NULL,NULL,1,157,'2024-01-19 07:25:39','2026-05-04 15:53:49',0,'[\"1\",\"2\"]','{\"1\":\"4.49\",\"2\":\"4.49\"}'),(102,11,'SALT LASSI','salt-lassi-','$4.49',NULL,NULL,NULL,NULL,'<p>(Yogurt-based drink with salt and roasted cumin powder)</p>','\"[]\"',NULL,NULL,NULL,NULL,NULL,NULL,NULL,NULL,NULL,NULL,1,156,'2024-01-19 07:26:22','2026-05-04 15:53:52',0,'[\"1\",\"2\"]','{\"1\":\"4.49\",\"2\":\"4.49\"}'),(103,11,'SWEET LASSI','sweet-lassi','$4.49',NULL,NULL,NULL,NULL,'<p>(Lassi flavoured with sugar, lemon and other fruits)</p>','\"[]\"',NULL,NULL,NULL,NULL,NULL,NULL,NULL,NULL,NULL,NULL,1,155,'2024-01-19 07:27:10','2026-05-04 15:53:55',0,'[\"2\",\"1\"]','{\"2\":\"4.49\",\"1\":\"4.49\"}'),(104,11,'MANGO LASSI','mango-lassi','$5.49',NULL,NULL,NULL,NULL,'<p>(Plain yogurt blended with mango pulp and sugar)</p>','\"[]\"',NULL,NULL,NULL,NULL,NULL,NULL,NULL,NULL,NULL,NULL,1,154,'2024-01-19 07:28:13','2026-05-04 15:53:39',0,'[\"1\",\"2\"]','{\"1\":\"5.49\",\"2\":\"5.49\"}'),(177,25,'PROPHECY Pinot Grigio','prophecy-pinot-grigio-','$7',NULL,NULL,NULL,NULL,'<p>ITALY</p>','\"[]\"',NULL,NULL,NULL,NULL,NULL,NULL,NULL,NULL,NULL,NULL,1,127,'2024-02-15 10:46:40','2026-05-04 15:56:47',0,'[\"1\",\"2\"]','{\"1\":\"7\",\"2\":\"7\"}'),(178,25,'MIRASSOU Chardonnay','mirassou-chardonnay-','$7',NULL,NULL,NULL,NULL,'<p>CALIFORNIA</p>','\"[]\"',NULL,NULL,NULL,NULL,NULL,NULL,NULL,NULL,NULL,NULL,1,128,'2024-02-15 10:50:26','2026-05-04 15:56:51',0,'[\"2\",\"1\"]','{\"2\":\"7\",\"1\":\"7\"}'),(179,25,'MIRASSOU Moscato','mirassou-moscato-','$7',NULL,NULL,NULL,NULL,'<p>CALIFORNIA.</p>','\"[]\"',NULL,NULL,NULL,NULL,NULL,NULL,NULL,NULL,NULL,NULL,1,129,'2024-02-15 10:51:16','2026-05-04 15:56:56',0,'[\"1\",\"2\"]','{\"1\":\"7\",\"2\":\"7\"}'),(180,25,'SEAGLASS Riesling','seaglass-riesling-','$8',NULL,NULL,NULL,NULL,'<p>CALIFORNIA</p>','\"[]\"',NULL,NULL,NULL,NULL,NULL,NULL,NULL,NULL,NULL,NULL,1,130,'2024-02-15 10:52:29','2026-05-04 15:57:15',0,'[\"1\",\"2\"]','{\"1\":\"8\",\"2\":\"8\"}'),(181,26,'MIRASSOU Pinot Noir','mirassou-pinot-noir-','$7',NULL,NULL,NULL,NULL,'<p>CALIFORNIA</p>','\"[]\"',NULL,NULL,NULL,NULL,NULL,NULL,NULL,NULL,NULL,NULL,1,133,'2024-02-15 10:54:11','2026-05-04 15:58:28',0,'[\"1\",\"2\"]','{\"1\":\"7\",\"2\":\"7\"}'),(182,26,'SEAGLASS Cabernet Sauvignon','seaglass-cabernet-sauvignon-','$8',NULL,NULL,NULL,NULL,'<p>CALIFORNIA</p>','\"[]\"',NULL,NULL,NULL,NULL,NULL,NULL,NULL,NULL,NULL,NULL,1,131,'2024-02-15 10:55:07','2026-05-04 15:58:31',0,'[\"1\",\"2\"]','{\"1\":\"8\",\"2\":\"8\"}'),(183,26,'SEAGLASS Pinot Noir','seaglass-pinot-noir-','$8',NULL,NULL,NULL,NULL,'<p>CALIFORNIA</p>','\"[]\"',NULL,NULL,NULL,NULL,NULL,NULL,NULL,NULL,NULL,NULL,1,132,'2024-02-15 10:56:08','2026-05-04 15:58:35',0,'[\"1\",\"2\"]','{\"1\":\"8\",\"2\":\"8\"}'),(184,26,'PROPHECY Cabernet Sauvignon','prophecy-cabernet-sauvignon','$7',NULL,NULL,NULL,NULL,'<p>CALIFORNIA</p>','\"[]\"',NULL,NULL,NULL,NULL,NULL,NULL,NULL,NULL,NULL,NULL,1,134,'2024-02-15 10:57:16','2026-05-04 15:58:38',0,'[\"1\",\"2\"]','{\"1\":\"7\",\"2\":\"7\"}'),(185,27,'AVERY MAHARAJA','avery-maharaja','$5.95',NULL,NULL,NULL,NULL,NULL,'\"[]\"',NULL,NULL,NULL,NULL,NULL,NULL,NULL,NULL,NULL,NULL,1,135,'2024-02-15 10:58:14','2026-05-04 15:59:52',0,'[\"1\",\"2\"]','{\"1\":\"5.95\",\"2\":\"5.95\"}'),(186,27,'ODELL IPA','odell-ipa','$5.95',NULL,NULL,NULL,NULL,NULL,'\"[]\"',NULL,NULL,NULL,NULL,NULL,NULL,NULL,NULL,NULL,NULL,1,136,'2024-02-15 10:58:52','2026-05-04 15:59:56',0,'[\"2\",\"1\"]','{\"2\":\"5.95\",\"1\":\"5.95\"}'),(187,27,'STELLA ARTOIS','stella-artois','$5.95',NULL,NULL,NULL,NULL,NULL,'\"[]\"',NULL,NULL,NULL,NULL,NULL,NULL,NULL,NULL,NULL,NULL,1,137,'2024-02-15 10:59:35','2026-05-04 16:00:09',0,'[\"2\",\"1\"]','{\"2\":\"5.95\",\"1\":\"5.95\"}'),(188,27,'SAPPORO','sapporo','$6.95',NULL,NULL,NULL,NULL,NULL,'\"[]\"',NULL,NULL,NULL,NULL,NULL,NULL,NULL,NULL,NULL,NULL,1,138,'2024-02-15 11:00:24','2026-05-04 16:00:27',0,'[\"1\",\"2\"]','{\"1\":\"6.95\",\"2\":\"6.95\"}'),(189,27,'FLYING HORSE 22','flying-horse-22','$12.95',NULL,NULL,NULL,NULL,'<p>oz</p>','\"[]\"',NULL,NULL,NULL,NULL,NULL,NULL,NULL,NULL,NULL,NULL,1,139,'2024-02-15 11:02:42','2026-05-04 16:00:58',0,'[\"1\",\"2\"]','{\"1\":\"12.95\",\"2\":\"12.95\"}'),(190,27,'TAJ MAHAL 22','tajmahal-22','$12.95',NULL,NULL,NULL,NULL,'<p>oz</p>','\"[]\"',NULL,NULL,NULL,NULL,NULL,NULL,NULL,NULL,NULL,NULL,1,140,'2024-02-15 11:03:21','2026-05-04 16:01:01',0,'[\"1\",\"2\"]','{\"1\":\"12.95\",\"2\":\"12.95\"}'),(191,28,'DALMORE 12 YR','dalmore-12-yr','$8.00',NULL,NULL,NULL,NULL,NULL,'\"[]\"',NULL,NULL,NULL,NULL,NULL,NULL,NULL,NULL,NULL,NULL,1,141,'2024-02-15 11:04:44','2026-05-04 16:03:05',0,'[\"2\",\"1\"]','{\"2\":\"8\",\"1\":\"8\"}'),(192,28,'MACALLAN','macallan','$8.00',NULL,NULL,NULL,NULL,NULL,'\"[]\"',NULL,NULL,NULL,NULL,NULL,NULL,NULL,NULL,NULL,NULL,1,142,'2024-02-15 11:05:21','2026-05-04 16:03:09',0,'[\"1\",\"2\"]','{\"1\":\"8\",\"2\":\"8\"}'),(193,28,'GLENLIVET','glenlivet','$8.00',NULL,NULL,NULL,NULL,NULL,'\"[]\"',NULL,NULL,NULL,NULL,NULL,NULL,NULL,NULL,NULL,NULL,1,143,'2024-02-15 11:06:01','2026-05-04 16:03:13',0,'[\"2\",\"1\"]','{\"2\":\"8\",\"1\":\"8\"}'),(194,28,'JOHNNIE WALKER BLACK','johnnie-walker-black','$8.00',NULL,NULL,NULL,NULL,NULL,'\"[]\"',NULL,NULL,NULL,NULL,NULL,NULL,NULL,NULL,NULL,NULL,1,145,'2024-02-15 11:06:42','2026-05-04 16:03:16',0,'[\"2\",\"1\"]','{\"2\":\"8\",\"1\":\"8\"}'),(195,28,'JOHNNIE WALKER BLUE','johnniewalkerblue','$18.00',NULL,NULL,NULL,NULL,NULL,'\"[]\"',NULL,NULL,NULL,NULL,NULL,NULL,NULL,NULL,NULL,NULL,1,146,'2024-02-15 11:07:37','2026-05-04 16:02:57',0,'[\"2\",\"1\"]','{\"2\":\"18\",\"1\":\"18\"}'),(196,6,'GUNTUR CHILI DOSA','guntur-chili-dosa','$15.99',NULL,NULL,NULL,NULL,'<p>(&nbsp;Infused with fiery Guntur chili paste for<br>&nbsp;an extra spicy kick)</p>','\"[]\"',NULL,NULL,NULL,NULL,NULL,NULL,NULL,NULL,NULL,NULL,0,33,'2025-02-22 05:51:54','2026-05-04 14:43:44',0,'[\"1\"]','{\"1\":\"21\",\"2\":\"36\"}'),(197,6,'GHEE KARAM DOSA','ghee-karam-dosa','$15.99',NULL,NULL,NULL,NULL,'<p>(&nbsp;Brushed with aromatic ghee &amp; topped<br>&nbsp;with a spicy kara chutney powder)</p>','\"[]\"',NULL,NULL,NULL,NULL,NULL,NULL,NULL,NULL,NULL,NULL,0,34,'2025-02-22 05:52:53','2026-05-04 14:43:57',0,'[]','{\"2\":\"11\"}'),(198,6,'EGG DOSA','egg-dosa','$17.99',NULL,NULL,NULL,NULL,'<p>(Fresh egg cracked &amp; cooked directly<br>&nbsp;on the top)</p>','\"[]\"',NULL,NULL,NULL,NULL,NULL,NULL,NULL,NULL,NULL,NULL,1,35,'2025-02-22 05:53:23','2026-05-04 14:46:25',0,'[\"1\"]','{\"1\":\"17.99\"}'),(199,6,'POORI BHAJI','poori-bhaji','$15.99',NULL,NULL,NULL,NULL,'<p>(&nbsp;Fluffy, deep-fried bread paired with a savory, spiced<br>&nbsp;potato and peas curry for a traditional meal.)</p>','\"[]\"',NULL,NULL,NULL,NULL,NULL,NULL,NULL,NULL,NULL,NULL,1,36,'2025-02-22 05:54:07','2026-05-04 14:48:08',0,'[\"1\"]','{\"2\":\"34\",\"1\":\"15.99\"}'),(200,6,'CHOLE BHATURE','chole-bhature','$15.99',NULL,NULL,NULL,NULL,'<p>(Spicy chickpea curry served with fluffy, golden deep<br>&nbsp;fried bread for a classic North Indian delight)</p>','\"[]\"',NULL,NULL,NULL,NULL,NULL,NULL,NULL,NULL,NULL,NULL,1,37,'2025-02-22 05:54:58','2026-05-04 14:47:08',0,'[\"1\"]','{\"1\":\"15.99\"}'),(201,32,'PANEER TIKKA','paneer-tikka','$17.99',NULL,NULL,NULL,NULL,'<p>(Marinated chunks of paneer, grilled to perfection,<br>&nbsp;with a smoky flavor and vibrant spices)</p>','\"[]\"',NULL,NULL,NULL,NULL,NULL,NULL,NULL,NULL,NULL,NULL,1,54,'2025-02-22 06:11:21','2026-05-04 15:33:46',0,'[\"2\",\"1\"]','{\"2\":\"17.99\",\"1\":\"17.99\"}'),(202,32,'CHICKEN AFGHANI KEBAB','chicken-afghani-kebab','$17.99',NULL,NULL,NULL,NULL,'<p>(Tender, marinated chicken skewers grilled to<br>&nbsp;perfection, featuring a rich blend of spices and a<br>&nbsp;hint of creaminess.)</p>','\"[]\"',NULL,NULL,NULL,NULL,NULL,NULL,NULL,NULL,NULL,NULL,0,57,'2025-02-22 06:13:15','2026-05-04 15:33:06',0,'[\"1\",\"2\"]','{\"1\":\"11\"}'),(203,32,'CHICKEN HARIYALI KEBAB','chicken-hariyali-kebab','$17.99',NULL,NULL,NULL,NULL,'<p>(Flavorful skewers of marinated chicken with a<br>&nbsp;vibrant green paste of fresh herbs and spices,<br>&nbsp;grilled to perfection.)</p>','\"[]\"',NULL,NULL,NULL,NULL,NULL,NULL,NULL,NULL,NULL,NULL,0,58,'2025-02-22 06:14:25','2026-05-04 15:33:08',0,'[\"1\",\"2\"]','{\"1\":\"13\"}'),(204,32,'CHICKEN RESHMI KEBAB','chicken-reshmi-kebab','$18.99',NULL,NULL,NULL,NULL,'<p>(Tender, marinated chicken grilled to perfection,<br>&nbsp;with a creamy, mildly spiced yogurt and cashew<br>&nbsp;paste coating.)</p>','\"[]\"',NULL,NULL,NULL,NULL,NULL,NULL,NULL,NULL,NULL,NULL,1,60,'2025-02-22 06:15:03','2026-05-04 15:34:36',0,'[\"1\",\"2\"]','{\"1\":\"18.99\",\"2\":\"18.99\"}'),(205,32,'LAMB SEEKH KEBAB','lamb-seekh-kebab','$18.99',NULL,NULL,NULL,NULL,'<p>(Spiced ground lamb molded onto skewers and<br>&nbsp;grilled to perfection, offering a flavorful, aromatic<br>&nbsp;taste with a slightly crispy exterior.)</p>','\"[]\"',NULL,NULL,NULL,NULL,NULL,NULL,NULL,NULL,NULL,NULL,1,61,'2025-02-22 06:15:48','2026-05-04 15:34:47',0,'[\"1\",\"2\"]','{\"1\":\"18.99\",\"2\":\"18.99\"}'),(206,32,'TANDOORI SHRIMP','tandoori-shrimp','$18.99',NULL,NULL,NULL,NULL,'<p>(Juicy shrimp marinated in a blend of yogurt and<br>&nbsp;spices, grilled to perfection for a smoky, flavorful<br>&nbsp;dish.)</p>','\"[]\"',NULL,NULL,NULL,NULL,NULL,NULL,NULL,NULL,NULL,NULL,1,62,'2025-02-22 07:24:03','2026-05-04 15:34:59',0,'[\"1\",\"2\"]','{\"1\":\"18.99\",\"2\":\"18.99\"}'),(207,32,'CHICKEN MALAI KEBAB','chicken-malai-kebab','$17.99',NULL,NULL,NULL,NULL,'<p>(Tender, marinated chicken, grilled to perfection<br>&nbsp;with a creamy yogurt and spice blend.)</p>','\"[]\"',NULL,NULL,NULL,NULL,NULL,NULL,NULL,NULL,NULL,NULL,0,59,'2025-02-22 07:24:47','2026-05-04 15:33:11',0,'[\"2\",\"1\"]','{\"2\":\"41\"}'),(208,9,'Dhaba Dal','dhaba-dal','$13.99',NULL,NULL,NULL,NULL,NULL,'\"[]\"',NULL,NULL,NULL,NULL,NULL,NULL,NULL,NULL,NULL,NULL,0,111,'2025-02-22 07:33:01','2026-05-04 15:49:41',0,'[\"1\",\"2\"]','{\"1\":\"16.99\",\"2\":\"16.99\"}'),(209,9,'DHABA DAL','dhaba-dal','$13.99',NULL,NULL,NULL,NULL,'<p>(A hearty, spiced sauce made with Black lentils and<br>&nbsp;tempered with cumin, garlic, and onions for a<br>&nbsp;robust, rustic flavor)</p>','\"[]\"',NULL,NULL,NULL,NULL,NULL,NULL,NULL,NULL,NULL,NULL,1,110,'2025-02-22 07:33:02','2026-05-04 15:44:33',0,'[\"1\",\"2\"]','{\"1\":\"13.99\",\"2\":\"13.99\"}'),(210,9,'DAL MAKHANI','dal-makhani','$14.99',NULL,NULL,NULL,NULL,'<p>(A creamy, rich sauce made with black lentils and<br>&nbsp;kidney beans, simmered with butter, cream, and a<br>&nbsp;blend of spices)</p>','\"[]\"',NULL,NULL,NULL,NULL,NULL,NULL,NULL,NULL,NULL,NULL,1,113,'2025-02-22 07:34:52','2026-05-04 15:45:44',0,'[\"2\",\"1\"]','{\"2\":\"14.99\",\"1\":\"14.99\"}'),(211,9,'CHANNA MASALA','channa-masala','$14.99',NULL,NULL,NULL,NULL,'<p>(A hearty, spiced sauce with chickpeas simmered<br>&nbsp;in a tangy tomato-based gravy and a blend of<br>&nbsp;robust spices.)</p>','\"[]\"',NULL,NULL,NULL,NULL,NULL,NULL,NULL,NULL,NULL,NULL,1,114,'2025-02-22 07:36:12','2026-05-04 15:45:35',0,'[\"2\",\"1\"]','{\"2\":\"14.99\",\"1\":\"14.99\"}'),(212,9,'BHINDI MASALA','bhindi-masala','$14.99',NULL,NULL,NULL,NULL,'<p>(A spiced sauce featuring tender okra saut&eacute;ed with<br>&nbsp;onions, tomatoes, and a blend of aromatic spices.)</p>','\"[]\"',NULL,NULL,NULL,NULL,NULL,NULL,NULL,NULL,NULL,NULL,1,118,'2025-02-22 07:40:12','2026-05-04 15:47:00',0,'[\"1\",\"2\"]','{\"1\":\"14.99\",\"2\":\"14.99\"}'),(213,9,'SAHI PANEER','sahi-paneer','$16.99',NULL,NULL,NULL,NULL,'<p>(A luxurious, creamy sauce with paneer cubes<br>&nbsp;cooked in a rich blend of tomatoes, cream, and<br>&nbsp;aromatic spices.)</p>','\"[]\"',NULL,NULL,NULL,NULL,NULL,NULL,NULL,NULL,NULL,NULL,1,121,'2025-02-22 07:43:32','2026-05-04 15:49:28',0,'[\"1\",\"2\"]','{\"1\":\"16.99\",\"2\":\"16.99\"}'),(214,36,'COCONUT CHUTNEY (4 OZ)','coconut-chutney-4-oz','$1.99',NULL,NULL,NULL,NULL,NULL,'\"[]\"',NULL,NULL,NULL,NULL,NULL,NULL,NULL,NULL,NULL,NULL,1,39,'2025-02-22 09:14:47','2026-05-04 16:57:12',0,'[\"2\",\"1\"]','{\"2\":\"1.99\",\"1\":\"1.99\"}'),(215,36,'SAMBAR (8 OZ)','sambar-8-oz','$3.99',NULL,NULL,NULL,NULL,NULL,'\"[]\"',NULL,NULL,NULL,NULL,NULL,NULL,NULL,NULL,NULL,NULL,1,40,'2025-02-22 09:16:17','2026-05-04 16:57:40',0,'[\"1\",\"2\"]','{\"1\":\"3.99\",\"2\":\"3.99\"}'),(216,36,'RAITHA (8 OZ)','raitha-8-oz','$2.99',NULL,NULL,NULL,NULL,NULL,'\"[]\"',NULL,NULL,NULL,NULL,NULL,NULL,NULL,NULL,NULL,NULL,1,41,'2025-02-22 09:17:08','2026-05-04 16:57:55',0,'[\"1\",\"2\"]','{\"1\":\"2.99\",\"2\":\"2.99\"}'),(217,36,'MIXED PICKLE (4 OZ)','mixed-pickle-4-oz','$2.99',NULL,NULL,NULL,NULL,NULL,'\"[]\"',NULL,NULL,NULL,NULL,NULL,NULL,NULL,NULL,NULL,NULL,1,43,'2025-02-22 09:18:49','2026-05-04 16:59:13',0,'[\"1\",\"2\"]','{\"1\":\"2.99\",\"2\":\"2.99\"}'),(218,31,'HAKKA NOODLES','hakka-noodles',NULL,NULL,NULL,NULL,NULL,'<p>(A savory noodle with a blend of soy sauce, garlic,<br>&nbsp;and ginger.)</p>','\"[]\"',NULL,NULL,NULL,NULL,NULL,NULL,NULL,NULL,NULL,NULL,1,65,'2025-02-22 12:18:03','2026-05-04 15:36:18',0,'[\"2\",\"1\"]',NULL),(219,31,'SCHEZWAN FRIED RICE','schezwan-fried-rice',NULL,NULL,NULL,NULL,NULL,'<p>(A spicy and flavorful rice dish tossed with veggies, Schezwan sauce, and a hint of garlic.)</p>','\"[]\"',NULL,NULL,NULL,NULL,NULL,NULL,NULL,NULL,NULL,NULL,1,66,'2025-02-22 12:19:15','2026-05-04 15:36:21',0,'[\"2\",\"1\"]',NULL),(220,31,'SCHEZWAN NOODLES','schezwan-noodles',NULL,NULL,NULL,NULL,NULL,'<p>(Hot and spicy noodles stir-fried with veggies and loaded with Schezwan sauce.)</p>','\"[]\"',NULL,NULL,NULL,NULL,NULL,NULL,NULL,NULL,NULL,NULL,1,67,'2025-02-22 12:20:05','2026-05-04 15:36:25',0,'[\"1\",\"2\"]',NULL),(221,15,'VEG BALLS / GOBI / BABYCORN','veg-balls--gobi--babycorn','$13.99',NULL,NULL,NULL,NULL,NULL,'\"[]\"',NULL,NULL,NULL,NULL,NULL,NULL,NULL,NULL,NULL,NULL,1,68,'2025-02-22 12:22:40','2026-05-04 16:47:32',0,'[\"1\",\"2\"]','{\"1\":\"13.99\",\"2\":\"13.99\"}'),(222,5,'PANEER BIRYANI','paneer-biryani','$16.99',NULL,NULL,NULL,NULL,'<p>(Flavorful rice layered with spiced paneer, melting into a symphony of rich flavors.)</p>','\"[]\"',NULL,NULL,NULL,NULL,NULL,NULL,NULL,NULL,NULL,NULL,1,73,'2025-02-22 12:44:54','2026-05-04 15:39:04',0,'[\"1\",\"2\"]','{\"1\":\"16.99\",\"2\":\"16.99\"}'),(223,5,'EGG BIRYANI','egg-biryani','$15.99',NULL,NULL,NULL,NULL,'<p>(Fragrant rice infused with spices, layered with perfectly cooked eggs for a hearty meal.)</p>','\"[]\"',NULL,NULL,NULL,NULL,NULL,NULL,NULL,NULL,NULL,NULL,1,74,'2025-02-22 12:46:45','2026-05-04 15:39:33',0,'[\"1\",\"2\"]','{\"1\":\"15.99\",\"2\":\"15.99\"}'),(224,5,'GOAT KHEEMA (MINCED GOAT) BIRYANI','goat-kheema-minced-goat-biryani','$21.99',NULL,NULL,NULL,NULL,'<p>(Spiced minced goat mixed with fragrant rice, bringing out a rich and meaty aroma.)</p>','\"[]\"',NULL,NULL,NULL,NULL,NULL,NULL,NULL,NULL,NULL,NULL,0,78,'2025-02-22 12:56:28','2026-05-04 15:38:11',0,'[\"1\",\"2\"]','{\"1\":\"56\"}'),(225,5,'BIRYANI','biryani',NULL,NULL,NULL,NULL,NULL,'<p>Aromatic spiced rice layered with tender meat or<br>vegetables, creating a rich and flavorful dish.</p>','\"[]\"',NULL,NULL,NULL,NULL,NULL,NULL,NULL,NULL,NULL,NULL,0,144,'2025-02-22 12:57:14','2026-05-04 15:38:13',0,'[\"2\",\"1\"]','{\"2\":\"27\"}'),(226,8,'CURRY','curry',NULL,NULL,NULL,NULL,NULL,'<p>(A flavorful, spiced sauce with a rich blend of onions,<br>&nbsp;tomatoes, and aromatic spices)</p>','\"[]\"',NULL,NULL,NULL,NULL,NULL,NULL,NULL,NULL,NULL,NULL,1,83,'2025-02-22 13:05:17','2026-05-04 15:41:51',0,'[\"1\",\"2\"]',NULL),(227,8,'MALABAR','malabar',NULL,NULL,NULL,NULL,NULL,'<p>(Coconut-based sauce with a blend of spices and<br>&nbsp;tempered curry leaves)</p>','\"[]\"',NULL,NULL,NULL,NULL,NULL,NULL,NULL,NULL,NULL,NULL,1,84,'2025-02-22 13:05:55','2026-05-04 15:41:47',0,'[\"1\",\"2\"]',NULL),(228,8,'SAAG','saag',NULL,NULL,NULL,NULL,NULL,'<p>(A creamy, spiced sauce made with pure spinach and a blend of aromatic spices)</p>','\"[]\"',NULL,NULL,NULL,NULL,NULL,NULL,NULL,NULL,NULL,NULL,1,90,'2025-02-22 13:09:13','2026-05-04 15:41:39',0,'[\"1\",\"2\"]',NULL),(229,8,'DUM KA','dum-ka',NULL,NULL,NULL,NULL,NULL,'<p>(A creamy mildly spiced sauce made with yogurt,<br>nuts, caramelized onions and aromatic spices)</p>','\"[]\"',NULL,NULL,NULL,NULL,NULL,NULL,NULL,NULL,NULL,NULL,0,91,'2025-02-22 13:10:08','2026-05-04 15:41:53',0,'[\"2\",\"1\"]',NULL),(230,8,'DUM KA','dum-ka',NULL,NULL,NULL,NULL,NULL,'<p>(A creamy mildly spiced sauce made with yogurt,<br>nuts, caramelized onions and aromatic spices)</p>','\"[]\"',NULL,NULL,NULL,NULL,NULL,NULL,NULL,NULL,NULL,NULL,0,29,'2025-02-22 13:10:08','2026-05-04 15:41:53',0,'[\"2\",\"1\"]',NULL),(231,8,'METHI','methi',NULL,NULL,NULL,NULL,NULL,'<p>(A flavorful sauce made with fresh fenugreek leaves,<br>combining earthy spices and a touch of cream)</p>','\"[]\"',NULL,NULL,NULL,NULL,NULL,NULL,NULL,NULL,NULL,NULL,0,92,'2025-02-22 13:10:54','2026-05-04 15:41:56',0,'[\"1\",\"2\"]',NULL),(232,8,'ANDHRA','andhra',NULL,NULL,NULL,NULL,NULL,'<p>(A spicy, tangy sauce featuring a blend of bold spices&nbsp;and chili)</p>','\"[]\"',NULL,NULL,NULL,NULL,NULL,NULL,NULL,NULL,NULL,NULL,0,93,'2025-02-22 13:11:44','2026-05-04 15:42:01',0,'[\"2\",\"1\"]',NULL),(233,38,'CHICKEN','chicken','$16.99',NULL,NULL,NULL,NULL,NULL,'\"[]\"',NULL,NULL,NULL,NULL,NULL,NULL,NULL,NULL,NULL,NULL,1,97,'2025-02-22 13:14:00','2026-05-04 16:55:08',0,'[\"2\",\"1\"]','{\"2\":\"16.99\",\"1\":\"16.99\"}'),(234,34,'MAHARAJA SPECIAL CURRY','maharaja-special-curry',NULL,NULL,NULL,NULL,NULL,'<p>(A flavorful chef&rsquo;s special spice sauce with the<br>&nbsp;blend of onion, tomato, and aromatic spices.)</p>','\"[]\"',NULL,NULL,NULL,NULL,NULL,NULL,NULL,NULL,NULL,NULL,1,101,'2025-02-22 13:15:42','2026-04-16 20:34:30',0,'[\"1\"]','{\"1\":\"42\"}'),(235,34,'ROAST ( DRY )','roast--dry-',NULL,NULL,NULL,NULL,NULL,'<p>(A rich, smoky sauce with a blend of roasted spices<br>&nbsp;and a hint of caramelized onions.)</p>','\"[]\"',NULL,NULL,NULL,NULL,NULL,NULL,NULL,NULL,NULL,NULL,1,102,'2025-02-22 13:16:21','2026-04-16 20:34:30',0,'[\"1\",\"2\"]','{\"1\":\"51\",\"2\":\"16\"}'),(236,34,'SUKKA (DRY)','sukka-dry',NULL,NULL,NULL,NULL,NULL,'<p>(A dry, spicy meat with a blend of roasted spices,<br>&nbsp;coconut, and curry leaves.)</p>','\"[]\"',NULL,NULL,NULL,NULL,NULL,NULL,NULL,NULL,NULL,NULL,1,103,'2025-02-22 13:17:10','2026-04-16 20:34:30',0,'[\"2\"]','{\"2\":\"61\"}'),(237,38,'PANEER / TOFU','paneer--tofu','$16.99',NULL,NULL,NULL,NULL,NULL,'\"[]\"',NULL,NULL,NULL,NULL,NULL,NULL,NULL,NULL,NULL,NULL,1,95,'2025-02-22 13:18:13','2026-05-04 16:54:45',0,'[\"2\",\"1\"]','{\"2\":\"16.99\",\"1\":\"16.99\"}'),(238,39,'VEG','veg','$15.99',NULL,NULL,NULL,NULL,NULL,'\"[]\"',NULL,NULL,NULL,NULL,NULL,NULL,NULL,NULL,NULL,NULL,1,105,'2025-02-22 13:18:44','2026-05-04 16:51:09',0,'[\"2\",\"1\"]','{\"2\":\"15.99\",\"1\":\"15.99\"}'),(239,39,'EGG','egg','$16.99',NULL,NULL,NULL,NULL,NULL,'\"[]\"',NULL,NULL,NULL,NULL,NULL,NULL,NULL,NULL,NULL,NULL,1,106,'2025-02-22 13:20:20','2026-05-04 16:51:20',0,'[\"1\",\"2\"]','{\"1\":\"16.99\",\"2\":\"16.99\"}'),(240,39,'CHICKEN','chicken','$17.99',NULL,NULL,NULL,NULL,NULL,'\"[]\"',NULL,NULL,NULL,NULL,NULL,NULL,NULL,NULL,NULL,NULL,1,107,'2025-02-22 13:21:06','2026-05-04 16:51:35',0,'[\"1\",\"2\"]','{\"1\":\"17.99\",\"2\":\"17.99\"}'),(241,39,'SHRIMP','shrimp','$20.99',NULL,NULL,NULL,NULL,NULL,'\"[]\"',NULL,NULL,NULL,NULL,NULL,NULL,NULL,NULL,NULL,NULL,1,108,'2025-02-22 13:21:37','2026-05-04 16:51:47',0,'[\"1\",\"2\"]','{\"1\":\"20.99\",\"2\":\"20.99\"}'),(242,38,'GOAT','goat','$19.99',NULL,NULL,NULL,NULL,NULL,'\"[]\"',NULL,NULL,NULL,NULL,NULL,NULL,NULL,NULL,NULL,NULL,1,99,'2025-02-22 13:53:55','2026-05-04 16:55:56',0,'[\"2\",\"1\"]','{\"2\":\"19.99\",\"1\":\"19.99\"}'),(243,39,'PANEER','paneer','$19.99',NULL,NULL,NULL,NULL,NULL,'\"[]\"',NULL,NULL,NULL,NULL,NULL,NULL,NULL,NULL,NULL,NULL,0,104,'2025-02-22 13:56:36','2026-04-16 20:34:30',0,'[\"2\"]','{\"2\":\"54\"}'),(244,38,'EGG','egg','$16.99',NULL,NULL,NULL,NULL,NULL,'\"[]\"',NULL,NULL,NULL,NULL,NULL,NULL,NULL,NULL,NULL,NULL,1,96,'2025-08-22 11:22:39','2026-05-04 16:54:55',0,'[\"1\",\"2\"]','{\"1\":\"16.99\",\"2\":\"16.99\"}'),(245,3,'VEGETABLE SOUP','vegetable-soup','$6.99',NULL,NULL,NULL,NULL,'<p>(Fresh vegetables blended in a creamy base, seasoned with a delightful mix of Indian spices)</p>','\"[]\"',NULL,NULL,NULL,NULL,NULL,NULL,NULL,NULL,NULL,NULL,1,22,'2025-08-22 12:28:09','2026-05-04 15:24:19',0,'[\"1\",\"2\"]','{\"1\":\"6.99\",\"2\":\"6.99\"}'),(246,3,'CHICKEN SOUP','chicken-soup','$7.99',NULL,NULL,NULL,NULL,'<p>(Tender chicken blended in a creamy base, seasoned with a delightful mix of Indian spices)</p>','\"[]\"',NULL,NULL,NULL,NULL,NULL,NULL,NULL,NULL,NULL,NULL,1,25,'2025-08-22 12:29:49','2026-05-04 15:25:10',1,'[\"1\",\"2\"]','{\"1\":\"7.99\",\"2\":\"7.99\"}'),(247,3,'HOT AND SOUR VEG SOUP','hot-and-sour-veg-soup','$6.99',NULL,NULL,NULL,NULL,'<p class=\"p1\">(A spicy and hot soup made with mixed fresh vegetables and a flavorful blend of spices)</p>','\"[]\"',NULL,NULL,NULL,NULL,NULL,NULL,NULL,NULL,NULL,NULL,1,24,'2025-08-22 12:30:39','2026-05-04 15:25:05',0,'[\"1\",\"2\"]','{\"1\":\"6.99\",\"2\":\"6.99\"}'),(248,3,'HOT AND SOUR CHICKEN SOUP','hot-and-sour-chicken-soup','$7.99',NULL,NULL,NULL,NULL,'<p class=\"p1\">(A spicy and hot soup made with tender chicken, fresh vegetables, and a flavorful blend of spices)</p>','\"[]\"',NULL,NULL,NULL,NULL,NULL,NULL,NULL,NULL,NULL,NULL,1,26,'2025-08-22 12:31:20','2026-05-04 15:25:13',0,'[\"1\",\"2\"]','{\"1\":\"7.99\",\"2\":\"7.99\"}'),(249,40,'MANCHURIAN','manchurian',NULL,NULL,NULL,NULL,NULL,'<p>(A tangy, spicy Indo-Chinese sauce made with soy, garlic, and chili)</p>','\"[]\"',NULL,NULL,NULL,NULL,NULL,NULL,NULL,NULL,NULL,NULL,1,1,'2025-08-22 12:56:20','2026-05-04 14:49:39',0,'[\"1\",\"2\"]',NULL),(250,40,'RED CHILLI','red-chilli',NULL,NULL,NULL,NULL,NULL,'<p>(A fiery sauce made from red chilies, garlic, and vinegar)</p>','\"[]\"',NULL,NULL,NULL,NULL,NULL,NULL,NULL,NULL,NULL,NULL,1,2,'2025-08-22 12:56:49','2026-05-04 14:49:44',0,'[\"1\",\"2\"]',NULL),(251,40,'GINGER','ginger',NULL,NULL,NULL,NULL,NULL,'<p class=\"p1\">(A zesty sauce made with fresh ginger, garlic, and a hint of soy)</p>','\"[]\"',NULL,NULL,NULL,NULL,NULL,NULL,NULL,NULL,NULL,NULL,0,3,'2025-08-22 12:57:36','2026-05-04 17:02:53',0,'[\"2\",\"1\"]',NULL),(252,40,'PEPPER','pepper',NULL,NULL,NULL,NULL,NULL,'<p>(A bold, peppery sauce with a blend of black pepper and garlic)</p>','\"[]\"',NULL,NULL,NULL,NULL,NULL,NULL,NULL,NULL,NULL,NULL,1,4,'2025-08-22 12:58:12','2026-05-04 14:49:48',0,'[\"1\",\"2\"]',NULL),(253,40,'CHICKEN 65','chicken-65',NULL,NULL,NULL,NULL,NULL,'<p class=\"p1\">(Only available in Chicken/Gobi)(A bold, spicy sauce made with yogurt, chilies, and aromatic Madurai spices)</p>','\"[]\"',NULL,NULL,NULL,NULL,NULL,NULL,NULL,NULL,NULL,NULL,1,5,'2025-08-22 12:59:17','2026-05-04 14:49:51',0,'[\"1\",\"2\"]',NULL),(254,40,'HYDERABADI 65','hyderabadi-65',NULL,NULL,NULL,NULL,NULL,'<p class=\"p1\">(A spicy, tangy sauce featuring yogurt, red chilies, and traditional Hyderabadi spices)</p>','\"[]\"',NULL,NULL,NULL,NULL,NULL,NULL,NULL,NULL,NULL,NULL,1,6,'2025-08-22 12:59:54','2026-05-04 14:49:55',0,'[\"1\",\"2\"]',NULL),(255,40,'CURRYLEAVES','curryleaves',NULL,NULL,NULL,NULL,NULL,'<p class=\"p1\">(A fragrant, flavorful sauce made from curry leaves, garlic, and spices)</p>','\"[]\"',NULL,NULL,NULL,NULL,NULL,NULL,NULL,NULL,NULL,NULL,1,7,'2025-08-22 13:00:15','2026-05-04 14:49:58',0,'[\"1\",\"2\"]',NULL),(256,40,'KARAMPODI','karampodi',NULL,NULL,NULL,NULL,NULL,'<p class=\"p1\">(A fragrant, flavorful sauce made from curry leaves, garlic, and spices)</p>','\"[]\"',NULL,NULL,NULL,NULL,NULL,NULL,NULL,NULL,NULL,NULL,1,8,'2025-08-22 13:00:41','2026-05-04 14:50:01',0,'[\"1\",\"2\"]',NULL),(257,40,'PACHI MIRCHI','pachi-mirchi',NULL,NULL,NULL,NULL,NULL,'<p class=\"p1\">(A zesty, spicy sauce made from fresh green chilies, garlic, and lime juice)</p>','\"[]\"',NULL,NULL,NULL,NULL,NULL,NULL,NULL,NULL,NULL,NULL,1,9,'2025-08-22 13:01:10','2026-05-04 14:50:04',0,'[\"2\",\"1\"]',NULL),(258,40,'MAJESTIC','majestic',NULL,NULL,NULL,NULL,NULL,'<p class=\"p1\">(A rich, aromatic sauce made with yogurt, cashews, and a blend of exotic spices)</p>','\"[]\"',NULL,NULL,NULL,NULL,NULL,NULL,NULL,NULL,NULL,NULL,0,10,'2025-08-22 13:01:32','2026-05-04 17:03:23',0,'[\"1\",\"2\"]',NULL),(259,40,'SCHEZWAN','schezwan',NULL,NULL,NULL,NULL,NULL,'<p class=\"p1\">(A fiery, tangy sauce made with red chilies, garlic, and Szechwan peppercorns)</p>','\"[]\"',NULL,NULL,NULL,NULL,NULL,NULL,NULL,NULL,NULL,NULL,0,11,'2025-08-22 13:01:56','2026-05-04 17:03:31',0,'[\"2\",\"1\"]',NULL),(260,10,'FALOODA','falooda','$9.99',NULL,NULL,NULL,NULL,'<p class=\"p1\">(A refreshing and indulgent dessert drink made with layers of sweet basil seeds, silky vermicelli, rose syrup, milk, and topped with ice cream)</p>','\"[]\"',NULL,NULL,NULL,NULL,NULL,NULL,NULL,NULL,NULL,NULL,1,16,'2025-08-22 15:50:28','2026-05-04 15:52:10',0,'[\"1\",\"2\"]','{\"1\":\"9.99\",\"2\":\"9.99\"}'),(261,10,'MANGO KULFI','mango-kulfi','$6.99',NULL,NULL,NULL,NULL,'<p>(A rich and creamy traditional Indian ice cream infused with the sweet and vibrant flavor of ripe mangoes, slow-cooked and frozen for a refreshing treat)</p>','\"[]\"',NULL,NULL,NULL,NULL,NULL,NULL,NULL,NULL,NULL,NULL,1,17,'2025-08-22 15:52:31','2026-05-04 15:51:56',0,'[\"1\",\"2\"]','{\"1\":\"6.99\",\"2\":\"6.99\"}'),(262,10,'CHOCOLATE KULFI','chocolate-kulfi','$6.99',NULL,NULL,NULL,NULL,'<p class=\"p1\">(A rich and creamy Indian ice cream infused with decadent chocolate, offering a delightful fusion of traditional kulfi with a modern, chocolatey twist)</p>','\"[]\"',NULL,NULL,NULL,NULL,NULL,NULL,NULL,NULL,NULL,NULL,1,18,'2025-08-22 15:53:12','2026-05-04 15:51:59',0,'[\"2\",\"1\"]','{\"2\":\"6.99\",\"1\":\"6.99\"}'),(263,10,'KESAR MALAI KULFI','kesar-malai-kulfi','$6.99',NULL,NULL,NULL,NULL,'<p class=\"p1\">(A luxurious and creamy dessert made from thickened milk, infused with the delicate flavor of saffron (kesar) and garnished with a sprinkle of nuts)</p>','\"[]\"',NULL,NULL,NULL,NULL,NULL,NULL,NULL,NULL,NULL,NULL,1,19,'2025-08-22 15:53:41','2026-05-04 15:52:03',0,'[\"1\",\"2\"]','{\"1\":\"6.99\",\"2\":\"6.99\"}'),(264,10,'GULKAND KULFI','gulkand-kulfi','$6.99',NULL,NULL,NULL,NULL,'<p class=\"p1\">(A creamy and aromatic Indian ice cream delicately flavored with rose petals essence, offering a refreshing and floral twist on the traditional kulfi)</p>','\"[]\"',NULL,NULL,NULL,NULL,NULL,NULL,NULL,NULL,NULL,NULL,1,20,'2025-08-22 15:54:16','2026-05-04 15:52:05',0,'[\"2\",\"1\"]','{\"2\":\"6.99\",\"1\":\"6.99\"}');
/*!40000 ALTER TABLE `products` ENABLE KEYS */;
UNLOCK TABLES;

--
-- Table structure for table `role_has_permissions`
--

DROP TABLE IF EXISTS `role_has_permissions`;
/*!40101 SET @saved_cs_client     = @@character_set_client */;
/*!50503 SET character_set_client = utf8mb4 */;
CREATE TABLE `role_has_permissions` (
  `permission_id` bigint unsigned NOT NULL,
  `role_id` bigint unsigned NOT NULL,
  PRIMARY KEY (`permission_id`,`role_id`),
  KEY `role_has_permissions_role_id_foreign` (`role_id`),
  CONSTRAINT `role_has_permissions_permission_id_foreign` FOREIGN KEY (`permission_id`) REFERENCES `permissions` (`id`) ON DELETE CASCADE,
  CONSTRAINT `role_has_permissions_role_id_foreign` FOREIGN KEY (`role_id`) REFERENCES `roles` (`id`) ON DELETE CASCADE
) ENGINE=InnoDB DEFAULT CHARSET=utf8mb4 COLLATE=utf8mb4_unicode_ci;
/*!40101 SET character_set_client = @saved_cs_client */;

--
-- Dumping data for table `role_has_permissions`
--

LOCK TABLES `role_has_permissions` WRITE;
/*!40000 ALTER TABLE `role_has_permissions` DISABLE KEYS */;
INSERT INTO `role_has_permissions` VALUES (1,1),(2,1),(3,1),(4,1),(5,1),(6,1),(7,1),(8,1),(9,1),(10,1),(11,1),(12,1),(13,1),(14,1),(15,1),(16,1),(17,1),(18,1),(19,1),(20,1),(21,1),(22,1),(23,1),(24,1),(25,1),(26,1),(27,1),(28,1),(29,1),(30,1),(31,1),(32,1),(33,1),(34,1),(35,1),(36,1),(37,1),(38,1),(39,1),(40,1),(41,1),(42,1),(43,1),(44,1),(45,1),(46,1),(47,1),(48,1),(49,1),(50,1),(51,1),(52,1),(53,1),(54,1),(55,1),(56,1),(57,1),(58,1),(59,1),(60,1),(61,1),(62,1),(63,1),(64,1),(65,1),(66,1),(67,1),(68,1),(69,1),(70,1),(71,1),(72,1),(73,1),(74,1),(75,1),(76,1),(77,1),(78,1),(79,1),(80,1),(81,1),(82,1),(83,1),(84,1),(85,1),(86,1),(87,1),(88,1),(89,1),(90,1),(91,1),(92,1),(93,1),(94,1),(95,1),(96,1),(97,1),(98,1),(99,1),(100,1),(101,1),(102,1),(103,1),(104,1),(105,1),(106,1),(107,1),(108,1),(109,1),(110,1),(111,1),(112,1),(113,1),(114,1),(115,1),(116,1),(117,1),(118,1),(119,1),(120,1),(121,1),(122,1),(123,1),(124,1),(125,1),(126,1),(127,1),(128,1),(129,1),(130,1),(131,1),(132,1),(133,1),(134,1),(135,1),(136,1),(137,1),(138,1),(139,1),(140,1),(141,1),(142,1),(143,1),(144,1),(14,2),(15,2),(16,2),(17,2),(18,2),(38,2),(39,2),(40,2),(41,2),(42,2),(44,2),(45,2),(46,2),(47,2),(48,2),(50,2),(51,2),(52,2),(53,2),(54,2),(56,2),(57,2),(58,2),(59,2),(60,2),(62,2),(63,2),(64,2),(65,2),(66,2),(68,2),(69,2),(70,2),(71,2),(72,2),(74,2),(75,2),(76,2),(77,2),(78,2),(80,2),(81,2),(82,2),(83,2),(84,2),(86,2),(87,2),(88,2),(89,2),(90,2),(92,2),(93,2),(94,2),(95,2),(96,2),(98,2),(99,2),(100,2),(101,2),(102,2),(104,2),(105,2),(106,2),(107,2),(108,2),(110,2),(111,2),(112,2),(113,2),(114,2),(116,2),(117,2),(118,2),(119,2),(120,2),(122,2),(123,2),(124,2),(125,2),(126,2),(128,2),(129,2),(130,2),(131,2),(132,2),(134,2),(135,2),(136,2),(137,2),(138,2),(139,2),(140,2),(141,2),(142,2),(143,2),(144,2),(104,3),(105,3),(106,3),(107,3),(108,3),(110,3),(111,3),(112,3),(113,3),(114,3),(1,4),(2,4),(3,4),(4,4),(5,4),(6,4),(7,4),(8,4),(9,4),(10,4),(11,4),(12,4),(13,4),(14,4),(15,4),(16,4),(17,4),(18,4),(19,4),(20,4),(21,4),(22,4),(23,4),(24,4),(25,4),(26,4),(27,4),(28,4),(29,4),(30,4),(31,4),(32,4),(33,4),(34,4),(35,4),(36,4),(37,4),(38,4),(39,4),(40,4),(41,4),(42,4),(43,4),(44,4),(45,4),(46,4),(47,4),(48,4),(49,4),(50,4),(51,4),(52,4),(53,4),(54,4),(55,4),(56,4),(57,4),(58,4),(59,4),(60,4),(61,4),(62,4),(63,4),(64,4),(65,4),(66,4),(67,4),(68,4),(69,4),(70,4),(71,4),(72,4),(73,4),(74,4),(75,4),(76,4),(77,4),(78,4),(79,4),(80,4),(81,4),(82,4),(83,4),(84,4),(85,4),(86,4),(87,4),(88,4),(89,4),(90,4),(91,4),(92,4),(93,4),(94,4),(95,4),(96,4),(97,4),(98,4),(99,4),(100,4),(101,4),(102,4),(103,4),(104,4),(105,4),(106,4),(107,4),(108,4),(109,4),(110,4),(111,4),(112,4),(113,4),(114,4),(115,4),(116,4),(117,4),(118,4),(119,4),(120,4),(121,4),(122,4),(123,4),(124,4),(125,4),(126,4),(127,4),(128,4),(129,4),(130,4),(131,4),(132,4),(133,4),(134,4),(135,4),(136,4),(137,4),(138,4),(139,4),(140,4),(141,4),(142,4),(143,4),(144,4);
/*!40000 ALTER TABLE `role_has_permissions` ENABLE KEYS */;
UNLOCK TABLES;

--
-- Table structure for table `roles`
--

DROP TABLE IF EXISTS `roles`;
/*!40101 SET @saved_cs_client     = @@character_set_client */;
/*!50503 SET character_set_client = utf8mb4 */;
CREATE TABLE `roles` (
  `id` bigint unsigned NOT NULL AUTO_INCREMENT,
  `name` varchar(255) COLLATE utf8mb4_unicode_ci NOT NULL,
  `guard_name` varchar(255) COLLATE utf8mb4_unicode_ci NOT NULL,
  `created_at` timestamp NULL DEFAULT NULL,
  `updated_at` timestamp NULL DEFAULT NULL,
  PRIMARY KEY (`id`),
  UNIQUE KEY `roles_name_guard_name_unique` (`name`,`guard_name`)
) ENGINE=InnoDB AUTO_INCREMENT=5 DEFAULT CHARSET=utf8mb4 COLLATE=utf8mb4_unicode_ci;
/*!40101 SET character_set_client = @saved_cs_client */;

--
-- Dumping data for table `roles`
--

LOCK TABLES `roles` WRITE;
/*!40000 ALTER TABLE `roles` DISABLE KEYS */;
INSERT INTO `roles` VALUES (1,'Developer Admin','web','2023-12-27 01:15:51','2023-12-27 01:15:51'),(2,'Admin','web','2024-03-01 11:01:28','2024-03-01 11:01:28'),(3,'Menu','web','2025-02-21 11:24:48','2025-02-21 11:24:48'),(4,'Super Admin','web','2025-05-20 10:10:40','2025-05-20 10:10:40');
/*!40000 ALTER TABLE `roles` ENABLE KEYS */;
UNLOCK TABLES;

--
-- Table structure for table `service_categories`
--

DROP TABLE IF EXISTS `service_categories`;
/*!40101 SET @saved_cs_client     = @@character_set_client */;
/*!50503 SET character_set_client = utf8mb4 */;
CREATE TABLE `service_categories` (
  `id` bigint unsigned NOT NULL AUTO_INCREMENT,
  `name` varchar(255) COLLATE utf8mb4_unicode_ci NOT NULL,
  `slug` varchar(255) COLLATE utf8mb4_unicode_ci DEFAULT NULL,
  `display_name` varchar(255) COLLATE utf8mb4_unicode_ci DEFAULT NULL,
  `image` varchar(255) COLLATE utf8mb4_unicode_ci DEFAULT NULL,
  `image_alt_text` varchar(255) COLLATE utf8mb4_unicode_ci DEFAULT NULL,
  `icon` varchar(255) COLLATE utf8mb4_unicode_ci DEFAULT NULL,
  `description` text COLLATE utf8mb4_unicode_ci,
  `tagline` varchar(255) COLLATE utf8mb4_unicode_ci DEFAULT NULL,
  `created_at` timestamp NULL DEFAULT NULL,
  `updated_at` timestamp NULL DEFAULT NULL,
  PRIMARY KEY (`id`)
) ENGINE=InnoDB AUTO_INCREMENT=4 DEFAULT CHARSET=utf8mb4 COLLATE=utf8mb4_unicode_ci;
/*!40101 SET character_set_client = @saved_cs_client */;

--
-- Dumping data for table `service_categories`
--

LOCK TABLES `service_categories` WRITE;
/*!40000 ALTER TABLE `service_categories` DISABLE KEYS */;
INSERT INTO `service_categories` VALUES (1,'Catering Services','catering-services','Our Catering Services',NULL,NULL,NULL,NULL,'test','2024-07-11 09:27:33','2024-11-19 04:47:21'),(2,'why-choose-us-catering','why-choose-us-catering','Why choose Us',NULL,NULL,NULL,NULL,NULL,'2024-11-18 12:27:39','2024-11-18 12:27:39'),(3,'why-choose-us-catering','why-choose-us-catering','Why choose Us',NULL,NULL,NULL,NULL,NULL,'2024-11-18 12:27:46','2024-11-18 12:27:46');
/*!40000 ALTER TABLE `service_categories` ENABLE KEYS */;
UNLOCK TABLES;

--
-- Table structure for table `services`
--

DROP TABLE IF EXISTS `services`;
/*!40101 SET @saved_cs_client     = @@character_set_client */;
/*!50503 SET character_set_client = utf8mb4 */;
CREATE TABLE `services` (
  `id` bigint unsigned NOT NULL AUTO_INCREMENT,
  `service_category_id` bigint unsigned NOT NULL,
  `title` varchar(255) COLLATE utf8mb4_unicode_ci NOT NULL,
  `slug` varchar(255) COLLATE utf8mb4_unicode_ci DEFAULT NULL,
  `sub_title` varchar(255) COLLATE utf8mb4_unicode_ci DEFAULT NULL,
  `image` varchar(255) COLLATE utf8mb4_unicode_ci DEFAULT NULL,
  `image_alt_text` varchar(255) COLLATE utf8mb4_unicode_ci DEFAULT NULL,
  `short_description` text COLLATE utf8mb4_unicode_ci,
  `description` text COLLATE utf8mb4_unicode_ci,
  `custom_url` varchar(255) COLLATE utf8mb4_unicode_ci DEFAULT NULL,
  `new_window` tinyint DEFAULT NULL,
  `gallery` text COLLATE utf8mb4_unicode_ci,
  `video_url` varchar(255) COLLATE utf8mb4_unicode_ci DEFAULT NULL,
  `video_iframe` text COLLATE utf8mb4_unicode_ci,
  `page_title` text COLLATE utf8mb4_unicode_ci,
  `seo_title` text COLLATE utf8mb4_unicode_ci,
  `seo_keywords` text COLLATE utf8mb4_unicode_ci,
  `seo_description` text COLLATE utf8mb4_unicode_ci,
  `icon` varchar(255) COLLATE utf8mb4_unicode_ci DEFAULT NULL,
  `publish` tinyint NOT NULL DEFAULT '1',
  `sort` bigint unsigned DEFAULT NULL,
  `created_at` timestamp NULL DEFAULT NULL,
  `updated_at` timestamp NULL DEFAULT NULL,
  PRIMARY KEY (`id`),
  KEY `services_service_category_id_foreign` (`service_category_id`),
  CONSTRAINT `services_service_category_id_foreign` FOREIGN KEY (`service_category_id`) REFERENCES `service_categories` (`id`)
) ENGINE=InnoDB AUTO_INCREMENT=12 DEFAULT CHARSET=utf8mb4 COLLATE=utf8mb4_unicode_ci;
/*!40101 SET character_set_client = @saved_cs_client */;

--
-- Dumping data for table `services`
--

LOCK TABLES `services` WRITE;
/*!40000 ALTER TABLE `services` DISABLE KEYS */;
INSERT INTO `services` VALUES (3,2,'Authentic Indian Flavors','authentic-indian-flavors',NULL,'jpeg-optimizer_service1_a6227bsd5.png',NULL,'<p>Our chefs meticulously prepare each dish using traditional recipes and high-quality ingredients.</p>',NULL,NULL,1,'\"[]\"',NULL,NULL,NULL,NULL,NULL,NULL,NULL,1,NULL,'2024-11-18 12:31:49','2024-11-26 06:10:20'),(4,2,'Customizable Menus','customizable-menus',NULL,'jpeg-optimizer_service2_sqpbzkv6r.png',NULL,'<p>We work closely with you to create a personalized menu that reflects your preferences and dietary needs.</p>',NULL,NULL,1,'\"[]\"',NULL,NULL,NULL,NULL,NULL,NULL,NULL,1,NULL,'2024-11-18 12:36:22','2024-11-26 06:10:22'),(5,2,'Impeccable Service','impeccable-service',NULL,'service_3_h0rpbwjim.png',NULL,'<p>Our experienced staff will handle every aspect of your event, from setup to cleanup.</p>',NULL,NULL,1,'\"[]\"',NULL,NULL,NULL,NULL,NULL,NULL,NULL,1,NULL,'2024-11-18 12:38:54','2024-11-26 06:10:23'),(6,2,'Stunning Presentation','stunning-presentation',NULL,'jpeg-optimizer_presenattion3_12flk987x.png',NULL,'<p>Our elegant presentation will impress your guests and elevate your event.</p>',NULL,NULL,1,'\"[]\"',NULL,NULL,NULL,NULL,NULL,NULL,NULL,1,NULL,'2024-11-18 12:58:01','2024-11-26 06:10:24'),(7,2,'Different packages available','different-packages-available',NULL,'different_cat-(2)_7ysrsxq78.png',NULL,'<p>We can package the catering in the way you want, from just preparing the food to delivering it, or end-to-end setup to cleanup. It can be tailored to your needs.</p>',NULL,NULL,1,'\"[]\"',NULL,NULL,NULL,NULL,NULL,NULL,NULL,1,NULL,'2024-11-18 13:13:09','2024-11-26 06:10:31'),(8,1,'Corporate Events','corporate-events',NULL,'service_3_darn1qv80.png',NULL,'<p>We provide exceptional food and the best catering services for business meetings, team gatherings, and client dinners. Our menu includes a variety of fresh and flavorful dishes to suit different preferences. From presentation to taste, everything is crafted to reflect the high standards of your event. Let us take care of the catering so you can focus on impressing your guests and building valuable connections. Make your corporate event a success with the best catering services near you!</p>',NULL,NULL,1,'\"[]\"',NULL,NULL,NULL,NULL,NULL,NULL,NULL,1,NULL,'2024-11-19 06:22:16','2024-11-26 06:10:13'),(9,1,'Weddings','weddings',NULL,'Untitled-design_9igjix19o.jpg','weddings','<p>Your wedding day deserves the finest catering services. We offer a rich selection of authentic Indian delicacies, freshly prepared to delight your guests. From traditional wedding dishes to modern favorites, our menu is designed to suit your unique style. We take care of every detail, ensuring that the food complements the beauty of your special day. Whether you&rsquo;re hosting a grand reception or an intimate ceremony, our team provides a seamless experience. For the best wedding catering services near you, trust us to make your day unforgettable.</p>',NULL,NULL,1,'\"[]\"',NULL,NULL,NULL,NULL,NULL,NULL,NULL,1,NULL,'2024-11-23 13:52:00','2024-11-26 06:10:14'),(10,1,'Birthday Parties','birthday-parties',NULL,'1_kcsgb6nrm.png','Birthday Parties','<p>Make your birthday party a hit with our catering services, known for delivering the best food for parties. Our menu includes a variety of flavorful dishes for kids, adults, and everyone in between. Whether you prefer classic comfort food or something unique, we tailor the menu to match your celebration. Our stunning presentation and fresh ingredients add a festive touch to the occasion. Celebrate with the best birthday party catering services near you and enjoy a hassle-free, fun-filled day!</p>',NULL,NULL,1,'\"[]\"',NULL,NULL,NULL,NULL,NULL,NULL,NULL,1,NULL,'2024-11-24 06:42:22','2024-11-26 06:10:15'),(11,1,'Private Parties','private-parties',NULL,'2_uts7jjkxh.jpg','Private Parties','<p>Make your private party unforgettable with our customized catering services. Whether it&rsquo;s an anniversary, family reunion, or a casual get-together, we create menus tailored to your event. Our team prepares every dish using fresh, high-quality ingredients to ensure amazing taste and presentation. From elegant setups to seamless service, we handle every detail so you can relax and enjoy the occasion. Searching for private party catering near you? Let us bring the perfect mix of flavor and style to your celebration!</p>',NULL,NULL,1,'\"[]\"',NULL,NULL,NULL,NULL,NULL,NULL,NULL,1,NULL,'2024-11-24 07:06:13','2024-11-26 06:10:16');
/*!40000 ALTER TABLE `services` ENABLE KEYS */;
UNLOCK TABLES;

--
-- Table structure for table `sliders`
--

DROP TABLE IF EXISTS `sliders`;
/*!40101 SET @saved_cs_client     = @@character_set_client */;
/*!50503 SET character_set_client = utf8mb4 */;
CREATE TABLE `sliders` (
  `id` bigint unsigned NOT NULL AUTO_INCREMENT,
  `image` varchar(255) COLLATE utf8mb4_unicode_ci NOT NULL,
  `image_alt_text` varchar(255) COLLATE utf8mb4_unicode_ci DEFAULT NULL,
  `title` varchar(255) COLLATE utf8mb4_unicode_ci DEFAULT NULL,
  `tagline` text COLLATE utf8mb4_unicode_ci,
  `button_name` varchar(255) COLLATE utf8mb4_unicode_ci DEFAULT NULL,
  `button_url` varchar(255) COLLATE utf8mb4_unicode_ci DEFAULT NULL,
  `new_window` tinyint NOT NULL DEFAULT '1',
  `publish` tinyint NOT NULL DEFAULT '1',
  `sort` bigint unsigned DEFAULT NULL,
  `created_at` timestamp NULL DEFAULT NULL,
  `updated_at` timestamp NULL DEFAULT NULL,
  PRIMARY KEY (`id`)
) ENGINE=InnoDB AUTO_INCREMENT=10 DEFAULT CHARSET=utf8mb4 COLLATE=utf8mb4_unicode_ci;
/*!40101 SET character_set_client = @saved_cs_client */;

--
-- Dumping data for table `sliders`
--

LOCK TABLES `sliders` WRITE;
/*!40000 ALTER TABLE `sliders` DISABLE KEYS */;
INSERT INTO `sliders` VALUES (2,'b1f-(2)_lb2y9wkw3.png','Traditional Indian Food in Omaha','Traditional<span> Indian Food</span> in Omaha','Experience the essence of India in Omaha! Explore authentic Traditional Indian Food, where every bite tells a flavorful tale. Satisfy your cravings with us!','Read More',NULL,0,1,1,'2023-12-27 03:31:25','2025-10-04 18:14:08'),(3,'b2f_9xb4xwbar.png','Chicken Tikka Masala in Omaha','Savor <span>Chicken Tikka</span> Masala Magic!','Savor the magic of Chicken Tikka Masala tender chicken, rich masala. A taste journey not to be missed. \r\nMust try now!','Read More',NULL,0,1,2,'2024-01-29 09:22:41','2025-10-04 18:53:53'),(4,'thali_8v2xcy2nu.webp','Indian Thali in Omaha','Weekend <span> Thalis </span>Await You!','The weekend just got better! Enjoy our delicious Indian thali, a mouthwatering blend of tastes all on one a plate. Enjoy the delectable simplicity of your weekend feast—don\'t miss it!','Read More',NULL,0,0,3,'2024-01-29 09:25:14','2024-08-12 05:20:33'),(5,'b3f-(1)_rc0p1jxmm.png','Bar facility in Omaha','Raise <span>The Bar</span>on Savings!','With our bar\'s cool vibes and hotter sips! From a wide drink selection to Indian specials, we\'ve crafted the perfect blend of chill and thrill. Join us – where every sip is an experience!','Read More',NULL,0,1,4,'2024-01-29 09:47:55','2025-10-04 19:54:06'),(6,'b4f_5lvwb75o8.png','Online order to your home delivery from Omaha','Quick & Tasty <span>Takeaway</span> Delights!','Order online for quick and tasty takeaways! Your favorite flavors, just a click away. Try it now','Order Now','https://maharajaindiancuisine.hungerrush.com/Order/OrderType',1,1,5,'2024-01-29 11:14:18','2026-02-11 08:16:10'),(9,'Untitled-design-(7)_4r0y91fz8.png','Father and children','Turn this <span> Father\'s Day</span> into a Royal Feast','Make Father’s Day special with a royal Indian meal and a free drink for Dad.\r\nDine-in only | Offer valid until June 16.','Call now!','tel:402-505-4488',0,0,NULL,'2025-06-10 15:48:43','2025-06-17 09:35:48');
/*!40000 ALTER TABLE `sliders` ENABLE KEYS */;
UNLOCK TABLES;

--
-- Table structure for table `specifications`
--

DROP TABLE IF EXISTS `specifications`;
/*!40101 SET @saved_cs_client     = @@character_set_client */;
/*!50503 SET character_set_client = utf8mb4 */;
CREATE TABLE `specifications` (
  `id` bigint unsigned NOT NULL AUTO_INCREMENT,
  `product_id` bigint unsigned NOT NULL,
  `specification_name` varchar(255) COLLATE utf8mb4_unicode_ci DEFAULT NULL,
  `specification_value` varchar(255) COLLATE utf8mb4_unicode_ci DEFAULT NULL,
  `created_at` timestamp NULL DEFAULT NULL,
  `updated_at` timestamp NULL DEFAULT NULL,
  PRIMARY KEY (`id`),
  KEY `specifications_product_id_foreign` (`product_id`),
  CONSTRAINT `specifications_product_id_foreign` FOREIGN KEY (`product_id`) REFERENCES `products` (`id`)
) ENGINE=InnoDB DEFAULT CHARSET=utf8mb4 COLLATE=utf8mb4_unicode_ci;
/*!40101 SET character_set_client = @saved_cs_client */;

--
-- Dumping data for table `specifications`
--

LOCK TABLES `specifications` WRITE;
/*!40000 ALTER TABLE `specifications` DISABLE KEYS */;
/*!40000 ALTER TABLE `specifications` ENABLE KEYS */;
UNLOCK TABLES;

--
-- Table structure for table `statistics`
--

DROP TABLE IF EXISTS `statistics`;
/*!40101 SET @saved_cs_client     = @@character_set_client */;
/*!50503 SET character_set_client = utf8mb4 */;
CREATE TABLE `statistics` (
  `id` bigint unsigned NOT NULL AUTO_INCREMENT,
  `title` varchar(255) COLLATE utf8mb4_unicode_ci NOT NULL,
  `number` varchar(255) COLLATE utf8mb4_unicode_ci DEFAULT NULL,
  `prefix` varchar(255) COLLATE utf8mb4_unicode_ci DEFAULT NULL,
  `suffix` varchar(255) COLLATE utf8mb4_unicode_ci DEFAULT NULL,
  `url` text COLLATE utf8mb4_unicode_ci,
  `new_window` tinyint DEFAULT NULL,
  `created_at` timestamp NULL DEFAULT NULL,
  `updated_at` timestamp NULL DEFAULT NULL,
  `sort` bigint unsigned DEFAULT NULL,
  PRIMARY KEY (`id`)
) ENGINE=InnoDB DEFAULT CHARSET=utf8mb4 COLLATE=utf8mb4_unicode_ci;
/*!40101 SET character_set_client = @saved_cs_client */;

--
-- Dumping data for table `statistics`
--

LOCK TABLES `statistics` WRITE;
/*!40000 ALTER TABLE `statistics` DISABLE KEYS */;
/*!40000 ALTER TABLE `statistics` ENABLE KEYS */;
UNLOCK TABLES;

--
-- Table structure for table `team_categories`
--

DROP TABLE IF EXISTS `team_categories`;
/*!40101 SET @saved_cs_client     = @@character_set_client */;
/*!50503 SET character_set_client = utf8mb4 */;
CREATE TABLE `team_categories` (
  `id` bigint unsigned NOT NULL AUTO_INCREMENT,
  `name` varchar(255) COLLATE utf8mb4_unicode_ci NOT NULL,
  `display_name` varchar(255) COLLATE utf8mb4_unicode_ci DEFAULT NULL,
  `icon` varchar(255) COLLATE utf8mb4_unicode_ci DEFAULT NULL,
  `image` varchar(255) COLLATE utf8mb4_unicode_ci DEFAULT NULL,
  `image_alt_text` varchar(255) COLLATE utf8mb4_unicode_ci DEFAULT NULL,
  `type` varchar(255) COLLATE utf8mb4_unicode_ci DEFAULT NULL,
  `sort` bigint unsigned DEFAULT NULL,
  `created_at` timestamp NULL DEFAULT NULL,
  `updated_at` timestamp NULL DEFAULT NULL,
  PRIMARY KEY (`id`)
) ENGINE=InnoDB DEFAULT CHARSET=utf8mb4 COLLATE=utf8mb4_unicode_ci;
/*!40101 SET character_set_client = @saved_cs_client */;

--
-- Dumping data for table `team_categories`
--

LOCK TABLES `team_categories` WRITE;
/*!40000 ALTER TABLE `team_categories` DISABLE KEYS */;
/*!40000 ALTER TABLE `team_categories` ENABLE KEYS */;
UNLOCK TABLES;

--
-- Table structure for table `teams`
--

DROP TABLE IF EXISTS `teams`;
/*!40101 SET @saved_cs_client     = @@character_set_client */;
/*!50503 SET character_set_client = utf8mb4 */;
CREATE TABLE `teams` (
  `id` bigint unsigned NOT NULL AUTO_INCREMENT,
  `team_categories_id` bigint unsigned NOT NULL,
  `name` varchar(255) COLLATE utf8mb4_unicode_ci NOT NULL,
  `image` varchar(255) COLLATE utf8mb4_unicode_ci DEFAULT NULL,
  `image_alt_text` varchar(255) COLLATE utf8mb4_unicode_ci DEFAULT NULL,
  `designation` varchar(255) COLLATE utf8mb4_unicode_ci DEFAULT NULL,
  `description` text COLLATE utf8mb4_unicode_ci,
  `linkedin_url` varchar(255) COLLATE utf8mb4_unicode_ci DEFAULT NULL,
  `facebook_url` varchar(255) COLLATE utf8mb4_unicode_ci DEFAULT NULL,
  `instagram_url` varchar(255) COLLATE utf8mb4_unicode_ci DEFAULT NULL,
  `twitter_url` varchar(255) COLLATE utf8mb4_unicode_ci DEFAULT NULL,
  `github_url` varchar(255) COLLATE utf8mb4_unicode_ci DEFAULT NULL,
  `other` text COLLATE utf8mb4_unicode_ci,
  `sort` bigint unsigned DEFAULT NULL,
  `created_at` timestamp NULL DEFAULT NULL,
  `updated_at` timestamp NULL DEFAULT NULL,
  PRIMARY KEY (`id`),
  KEY `teams_team_categories_id_foreign` (`team_categories_id`),
  CONSTRAINT `teams_team_categories_id_foreign` FOREIGN KEY (`team_categories_id`) REFERENCES `team_categories` (`id`)
) ENGINE=InnoDB DEFAULT CHARSET=utf8mb4 COLLATE=utf8mb4_unicode_ci;
/*!40101 SET character_set_client = @saved_cs_client */;

--
-- Dumping data for table `teams`
--

LOCK TABLES `teams` WRITE;
/*!40000 ALTER TABLE `teams` DISABLE KEYS */;
/*!40000 ALTER TABLE `teams` ENABLE KEYS */;
UNLOCK TABLES;

--
-- Table structure for table `testimonial_categories`
--

DROP TABLE IF EXISTS `testimonial_categories`;
/*!40101 SET @saved_cs_client     = @@character_set_client */;
/*!50503 SET character_set_client = utf8mb4 */;
CREATE TABLE `testimonial_categories` (
  `id` bigint unsigned NOT NULL AUTO_INCREMENT,
  `name` varchar(255) COLLATE utf8mb4_unicode_ci NOT NULL,
  `display_name` varchar(255) COLLATE utf8mb4_unicode_ci DEFAULT NULL,
  `testimonial_type` varchar(255) COLLATE utf8mb4_unicode_ci DEFAULT NULL,
  `icon` varchar(255) COLLATE utf8mb4_unicode_ci DEFAULT NULL,
  `type` varchar(255) COLLATE utf8mb4_unicode_ci DEFAULT NULL,
  `created_at` timestamp NULL DEFAULT NULL,
  `updated_at` timestamp NULL DEFAULT NULL,
  PRIMARY KEY (`id`)
) ENGINE=InnoDB AUTO_INCREMENT=2 DEFAULT CHARSET=utf8mb4 COLLATE=utf8mb4_unicode_ci;
/*!40101 SET character_set_client = @saved_cs_client */;

--
-- Dumping data for table `testimonial_categories`
--

LOCK TABLES `testimonial_categories` WRITE;
/*!40000 ALTER TABLE `testimonial_categories` DISABLE KEYS */;
INSERT INTO `testimonial_categories` VALUES (1,'Home',NULL,NULL,NULL,NULL,'2024-01-19 07:09:24','2024-01-19 07:09:24');
/*!40000 ALTER TABLE `testimonial_categories` ENABLE KEYS */;
UNLOCK TABLES;

--
-- Table structure for table `testimonials`
--

DROP TABLE IF EXISTS `testimonials`;
/*!40101 SET @saved_cs_client     = @@character_set_client */;
/*!50503 SET character_set_client = utf8mb4 */;
CREATE TABLE `testimonials` (
  `id` bigint unsigned NOT NULL AUTO_INCREMENT,
  `name` varchar(255) COLLATE utf8mb4_unicode_ci NOT NULL,
  `company` varchar(255) COLLATE utf8mb4_unicode_ci DEFAULT NULL,
  `designation` varchar(255) COLLATE utf8mb4_unicode_ci DEFAULT NULL,
  `date` date DEFAULT NULL,
  `image` varchar(255) COLLATE utf8mb4_unicode_ci DEFAULT NULL,
  `image_alt_text` varchar(255) COLLATE utf8mb4_unicode_ci DEFAULT NULL,
  `icon` varchar(255) COLLATE utf8mb4_unicode_ci DEFAULT NULL,
  `video_url` varchar(255) COLLATE utf8mb4_unicode_ci DEFAULT NULL,
  `video_iframe` varchar(255) COLLATE utf8mb4_unicode_ci DEFAULT NULL,
  `short_description` varchar(255) COLLATE utf8mb4_unicode_ci DEFAULT NULL,
  `description` text COLLATE utf8mb4_unicode_ci,
  `custom_url` text COLLATE utf8mb4_unicode_ci,
  `new_window` tinyint DEFAULT NULL,
  `testimonial_category_id` bigint unsigned NOT NULL,
  `created_at` timestamp NULL DEFAULT NULL,
  `updated_at` timestamp NULL DEFAULT NULL,
  `sort` bigint unsigned DEFAULT NULL,
  PRIMARY KEY (`id`),
  KEY `testimonials_testimonial_category_id_foreign` (`testimonial_category_id`),
  CONSTRAINT `testimonials_testimonial_category_id_foreign` FOREIGN KEY (`testimonial_category_id`) REFERENCES `testimonial_categories` (`id`)
) ENGINE=InnoDB AUTO_INCREMENT=5 DEFAULT CHARSET=utf8mb4 COLLATE=utf8mb4_unicode_ci;
/*!40101 SET character_set_client = @saved_cs_client */;

--
-- Dumping data for table `testimonials`
--

LOCK TABLES `testimonials` WRITE;
/*!40000 ALTER TABLE `testimonials` DISABLE KEYS */;
INSERT INTO `testimonials` VALUES (1,'Pauravi Gandhi',NULL,NULL,NULL,'unnamed_jb60xje75.png','Pauravi Gandhi',NULL,NULL,NULL,NULL,'<p>A good Indian food experience after a very long time in Omaha!&nbsp;Please retain the quality and we look forward to having more with you guys!</p>',NULL,0,1,'2024-01-19 07:09:48','2024-03-07 18:43:42',NULL),(2,'Jordyn Schnabel',NULL,NULL,NULL,'unnamed-(1)_mmcz3bnqj.png','Pauravi Gandhi',NULL,NULL,NULL,NULL,'<p>Prices are decent and slightly cheaper if you eat in the restaurant rather than online. Very authentic, everything was delicious.</p>',NULL,0,1,'2024-01-19 07:10:12','2024-03-07 18:43:50',NULL),(3,'Molly S',NULL,NULL,NULL,'molly-s_fhurhhe3g.png','Pauravi Gandhi',NULL,NULL,NULL,NULL,'<p>Best Indian food in Omaha! I&#39;ve tried others, but this is my top pick. Highly recommend for authentic flavors.</p>',NULL,0,1,'2024-01-19 07:10:36','2024-03-07 18:43:58',NULL),(4,'Jared Anderson',NULL,NULL,NULL,'unnamed-(2)_inpfiikfq.png','Pauravi Gandhi',NULL,NULL,NULL,NULL,'<p>This place has amazing food! Seems authentic. There&#39;s a big menu, so try a few visits to find what you like best!</p>',NULL,0,1,'2024-01-19 07:10:38','2024-03-07 18:44:06',NULL);
/*!40000 ALTER TABLE `testimonials` ENABLE KEYS */;
UNLOCK TABLES;

--
-- Table structure for table `users`
--

DROP TABLE IF EXISTS `users`;
/*!40101 SET @saved_cs_client     = @@character_set_client */;
/*!50503 SET character_set_client = utf8mb4 */;
CREATE TABLE `users` (
  `id` bigint unsigned NOT NULL AUTO_INCREMENT,
  `name` varchar(255) COLLATE utf8mb4_unicode_ci NOT NULL,
  `email` varchar(255) COLLATE utf8mb4_unicode_ci NOT NULL,
  `mobile` varchar(255) COLLATE utf8mb4_unicode_ci DEFAULT NULL,
  `address` text COLLATE utf8mb4_unicode_ci,
  `email_verified_at` timestamp NULL DEFAULT NULL,
  `password` varchar(255) COLLATE utf8mb4_unicode_ci NOT NULL,
  `remember_token` varchar(100) COLLATE utf8mb4_unicode_ci DEFAULT NULL,
  `created_at` timestamp NULL DEFAULT NULL,
  `updated_at` timestamp NULL DEFAULT NULL,
  PRIMARY KEY (`id`),
  UNIQUE KEY `users_email_unique` (`email`)
) ENGINE=InnoDB AUTO_INCREMENT=11 DEFAULT CHARSET=utf8mb4 COLLATE=utf8mb4_unicode_ci;
/*!40101 SET character_set_client = @saved_cs_client */;

--
-- Dumping data for table `users`
--

LOCK TABLES `users` WRITE;
/*!40000 ALTER TABLE `users` DISABLE KEYS */;
INSERT INTO `users` VALUES (1,'F9 Admin','developer@f9tech.com','1234567890',NULL,NULL,'$2y$10$6wp06gRawHldg31P2/21ouiwKPhxNaX554KTxLPqarUHLYaibc5lq',NULL,'2023-04-18 06:40:49','2025-01-01 04:12:40'),(2,'Admin','omaha@admin.com',NULL,NULL,NULL,'$2y$10$FF/r8T8FYHWDNx.svqc6ceQO6Sbui/snFt1ty0mSmrF2P/4F3Wcuu',NULL,'2024-03-01 11:03:14','2024-03-01 11:05:54'),(6,'Maharaja Super Admin','maharaja@superadmin.com','7878787878',NULL,NULL,'$2y$10$F6LgjcnhllUIdkfUNtaM2.Cq3ZNW.aZ1YD8GwyTaHLlXvD4IHjbsu',NULL,'2025-05-20 10:11:43','2025-05-20 10:11:43'),(7,'kavya','kavya@gmail.com','3467367534',NULL,NULL,'$2y$10$5AD8gbf8/Kz3X8zNISkyLOmxyET6x38R0HUiqr7rFoSw9ljGxVcXy',NULL,'2025-06-30 06:53:34','2025-06-30 06:53:34'),(8,'adminedan','wongedan123@gmail.com',NULL,NULL,NULL,'$2y$10$j/xuON4I4KiBb55xVpCxzuuAsgO7i5u69LRKe3zPbcowf4XcMwD2q',NULL,'2025-12-14 15:50:08','2025-12-14 15:50:08'),(9,'bharat','admin@admin.com',NULL,NULL,NULL,'$2y$10$F.LV90nUmpjfuO5QtnPvg.L89TCWlmbwT03cHlRsIYJe7AfniIPx.',NULL,'2026-04-13 00:48:13','2026-04-13 00:48:13'),(10,'bharat','bharatadmin@gmail.com',NULL,NULL,NULL,'$2y$10$TibxHIE4/xZxNm9.m/WnOuv3Y7bDQnr2MGBE/R8jAKt.zIqnyEla2',NULL,'2026-04-13 00:51:03','2026-04-13 00:51:03');
/*!40000 ALTER TABLE `users` ENABLE KEYS */;
UNLOCK TABLES;
/*!40103 SET TIME_ZONE=@OLD_TIME_ZONE */;

/*!40101 SET SQL_MODE=@OLD_SQL_MODE */;
/*!40014 SET FOREIGN_KEY_CHECKS=@OLD_FOREIGN_KEY_CHECKS */;
/*!40014 SET UNIQUE_CHECKS=@OLD_UNIQUE_CHECKS */;
/*!40101 SET CHARACTER_SET_CLIENT=@OLD_CHARACTER_SET_CLIENT */;
/*!40101 SET CHARACTER_SET_RESULTS=@OLD_CHARACTER_SET_RESULTS */;
/*!40101 SET COLLATION_CONNECTION=@OLD_COLLATION_CONNECTION */;
/*!40111 SET SQL_NOTES=@OLD_SQL_NOTES */;

-- Dump completed on 2026-05-09 11:32:49
